seed,policy,experiment_condition,weather_scenario,weather_type,day_type,agent_count,planned_activities,completed_activities,activity_completion_rate,planned_necessary_activities,completed_necessary_activities,necessary_activity_completion_rate,weather_cancelled_activities,transport_unmet_activities,necessary_transport_unmet_activities,planned_legs,successful_legs,transport_unmet_legs,transport_success_rate,walking_legs,bus_legs,metro_legs,ride_hailing_legs,walking_mode_share,bus_mode_share,metro_mode_share,ride_hailing_mode_share,ride_hailing_requests,successful_ride_hailing_requests,failed_ride_hailing_requests,ride_hailing_failed,fallback_attempts,fallback_successes,fallback_succeeded,fallback_failed,late_but_reached,reached_but_activity_incomplete,transport_unmet,mandatory_activity_incomplete,mean_bus_wait_minutes,mean_metro_wait_minutes,bus_metro_transfer_legs,bus_metro_transfer_share_of_metro,mean_feeder_bus_time_minutes,mean_ride_hailing_wait_minutes,mean_total_travel_time,mean_fare_yuan,on_time_arrivals,on_time_arrival_rate,bus_activity_arrivals,bus_late_arrivals,bus_late_arrival_rate,interzonal_metro_legs,interzonal_metro_share,scheduled_bus_vehicle_trips,bus_demand,bus_feeder_boardings,total_bus_passenger_boardings,successful_ride_hailing_vehicle_trips,road_vehicle_volume,mean_volume_capacity_ratio,mean_road_speed_kmh,intrazonal_successful_legs,interzonal_successful_legs,initial_ride_hailing_vehicles,end_idle_vehicles,end_busy_vehicles,end_idle_by_zone,feedback_flow_is_first_round_successful_rides,metro_enabled,weather_exposed_activities,remote_work,travel_required_activities,transport_related_unmet,necessary_transport_related_unmet,total_outdoor_exposure_minutes,total_heat_hazard_dose_c_min,total_heat_risk_burden,necessary_heat_risk_burden,heat_risk_per_completed_travel_required_necessary_activity,heat_risk_per_planned_travel_required_necessary_activity,total_rain_exposure_minutes,total_system_wait_minutes,vehicle_total,mean_ride_hailing_wait_minutes_per_request,max_ride_hailing_wait_minutes,no_vehicle_failures,wait_limit_failures,non_capacity_failures,competition_event,collapse_event
47,P0_no_policy,fleet_16,W0,normal,workday,50,52,51,0.980769,38,37,0.973684,0,0,0,97,97,0,1.0,1,54,36,6,0.010309,0.556701,0.371134,0.061856,6,6,0,0,0,0,0,0,2,1,0,1,6.521,7.632,19,0.527778,25.456,9.944,62.975,4.735,50,0.961538,29,2,0.068966,32,0.507937,718.941,54,21,75,6,724.941,0.72765,17.272,34,63,16,16,0,"{""Z1"": 1, ""Z2"": 2, ""Z3"": 4, ""Z4"": 1, ""Z5"": 1, ""Z6"": 2, ""Z7"": 3, ""Z8"": 1, ""Z9"": 1}",True,True,0,0,52,0,0,1906.166,0.0,0.0,0.0,0.0,0.0,0.0,686.541,16,9.9445,14.667,0,0,0,False,False
47,P0_no_policy,fleet_16,W2,heavy_rain,workday,50,52,52,1.0,38,38,1.0,0,0,0,95,95,0,1.0,1,30,51,13,0.010526,0.315789,0.536842,0.136842,13,13,0,0,0,0,0,0,0,0,0,0,7.06,8.376,31,0.607843,29.353,10.013,62.78,8.449,51,1.0,13,0,0.0,46,0.730159,718.941,30,37,67,13,731.941,0.761688,17.302,32,63,16,16,0,"{""Z1"": 1, ""Z2"": 2, ""Z3"": 3, ""Z4"": 1, ""Z5"": 2, ""Z6"": 3, ""Z7"": 3, ""Z8"": 1, ""Z9"": 0}",True,True,39,1,51,0,0,2032.787,0.0,0.0,0.0,0.0,0.0,1378.525844,769.162,16,10.012692,21.722,0,0,0,False,False
47,P0_no_policy,fleet_12,W0,normal,workday,50,52,51,0.980769,38,37,0.973684,0,0,0,97,97,0,1.0,1,54,36,6,0.010309,0.556701,0.371134,0.061856,6,6,0,0,0,0,0,0,2,1,0,1,6.521,7.632,19,0.527778,25.456,9.944,62.975,4.735,50,0.961538,29,2,0.068966,32,0.507937,718.941,54,21,75,6,724.941,0.72765,17.272,34,63,12,12,0,"{""Z1"": 0, ""Z2"": 2, ""Z3"": 3, ""Z4"": 1, ""Z5"": 1, ""Z6"": 1, ""Z7"": 2, ""Z8"": 1, ""Z9"": 1}",True,True,0,0,52,0,0,1906.166,0.0,0.0,0.0,0.0,0.0,0.0,686.541,12,9.9445,14.667,0,0,0,False,False
47,P0_no_policy,fleet_12,W2,heavy_rain,workday,50,52,52,1.0,38,38,1.0,0,0,0,95,95,0,1.0,1,30,51,13,0.010526,0.315789,0.536842,0.136842,13,13,0,0,0,0,0,0,0,0,0,0,7.06,8.376,31,0.607843,29.353,10.013,62.78,8.449,51,1.0,13,0,0.0,46,0.730159,718.941,30,37,67,13,731.941,0.761688,17.302,32,63,12,12,0,"{""Z1"": 0, ""Z2"": 2, ""Z3"": 2, ""Z4"": 1, ""Z5"": 2, ""Z6"": 2, ""Z7"": 2, ""Z8"": 1, ""Z9"": 0}",True,True,39,1,51,0,0,2032.787,0.0,0.0,0.0,0.0,0.0,1378.525844,769.162,12,10.012692,21.722,0,0,0,False,False
47,P0_no_policy,fleet_10,W0,normal,workday,50,52,51,0.980769,38,37,0.973684,0,0,0,97,97,0,1.0,1,54,36,6,0.010309,0.556701,0.371134,0.061856,6,6,0,0,0,0,0,0,2,1,0,1,6.521,7.632,19,0.527778,25.456,9.944,62.975,4.735,50,0.961538,29,2,0.068966,32,0.507937,718.941,54,21,75,6,724.941,0.72765,17.272,34,63,10,10,0,"{""Z1"": 0, ""Z2"": 1, ""Z3"": 3, ""Z4"": 1, ""Z5"": 0, ""Z6"": 1, ""Z7"": 2, ""Z8"": 1, ""Z9"": 1}",True,True,0,0,52,0,0,1906.166,0.0,0.0,0.0,0.0,0.0,0.0,686.541,10,9.9445,14.667,0,0,0,False,False
47,P0_no_policy,fleet_10,W2,heavy_rain,workday,50,52,52,1.0,38,38,1.0,0,0,0,95,95,0,1.0,1,30,51,13,0.010526,0.315789,0.536842,0.136842,13,13,0,0,0,0,0,0,0,0,0,0,7.06,8.376,31,0.607843,29.353,10.013,62.78,8.449,51,1.0,13,0,0.0,46,0.730159,718.941,30,37,67,13,731.941,0.761688,17.302,32,63,10,10,0,"{""Z1"": 0, ""Z2"": 1, ""Z3"": 2, ""Z4"": 1, ""Z5"": 1, ""Z6"": 2, ""Z7"": 2, ""Z8"": 1, ""Z9"": 0}",True,True,39,1,51,0,0,2032.787,0.0,0.0,0.0,0.0,0.0,1378.525844,769.162,10,10.012692,21.722,0,0,0,False,False
47,P0_no_policy,fleet_8,W0,normal,workday,50,52,51,0.980769,38,37,0.973684,0,0,0,97,97,0,1.0,1,54,36,6,0.010309,0.556701,0.371134,0.061856,6,6,0,0,0,0,0,0,2,1,0,1,6.521,7.632,19,0.527778,25.456,9.944,62.975,4.735,50,0.961538,29,2,0.068966,32,0.507937,718.941,54,21,75,6,724.941,0.72765,17.272,34,63,8,8,0,"{""Z1"": 0, ""Z2"": 1, ""Z3"": 3, ""Z4"": 0, ""Z5"": 0, ""Z6"": 1, ""Z7"": 2, ""Z8"": 0, ""Z9"": 1}",True,True,0,0,52,0,0,1906.166,0.0,0.0,0.0,0.0,0.0,0.0,686.541,8,9.9445,14.667,0,0,0,False,False
47,P0_no_policy,fleet_8,W2,heavy_rain,workday,50,52,52,1.0,38,38,1.0,0,0,0,95,95,0,1.0,1,31,51,12,0.010526,0.326316,0.536842,0.126316,13,12,1,1,1,1,1,0,0,0,0,0,7.339,8.376,31,0.607843,29.353,9.958,63.285,8.169,51,1.0,13,0,0.0,46,0.730159,718.941,31,37,68,12,730.941,0.7513,17.13,32,63,8,8,0,"{""Z1"": 0, ""Z2"": 1, ""Z3"": 2, ""Z4"": 0, ""Z5"": 1, ""Z6"": 2, ""Z7"": 2, ""Z8"": 0, ""Z9"": 0}",True,True,39,1,51,0,0,2069.834,0.0,0.0,0.0,0.0,0.0,1397.858844,794.209,8,10.730615,21.722,1,0,0,True,False
47,P0_no_policy,fleet_6,W0,normal,workday,50,52,51,0.980769,38,37,0.973684,0,0,0,97,97,0,1.0,1,54,37,5,0.010309,0.556701,0.381443,0.051546,6,5,1,1,1,1,1,0,2,1,0,1,6.521,7.588,19,0.513514,25.456,10.333,63.27,4.503,50,0.961538,29,2,0.068966,33,0.52381,718.941,54,21,75,5,723.941,0.728387,17.092,34,63,6,6,0,"{""Z1"": 0, ""Z2"": 1, ""Z3"": 2, ""Z4"": 0, ""Z5"": 0, ""Z6"": 1, ""Z7"": 1, ""Z8"": 0, ""Z9"": 1}",True,True,0,0,52,0,0,1940.166,0.0,0.0,0.0,0.0,0.0,0.0,704.541,6,11.9445,20.0,1,0,0,True,False
47,P0_no_policy,fleet_6,W2,heavy_rain,workday,50,52,52,1.0,38,38,1.0,0,0,0,95,95,0,1.0,1,31,52,11,0.010526,0.326316,0.547368,0.115789,13,11,2,2,2,2,2,0,0,0,0,0,7.339,8.331,31,0.596154,29.353,10.136,63.544,7.932,51,1.0,13,0,0.0,47,0.746032,718.941,31,37,68,11,729.941,0.750025,17.005,32,63,6,6,0,"{""Z1"": 0, ""Z2"": 1, ""Z3"": 1, ""Z4"": 0, ""Z5"": 1, ""Z6"": 2, ""Z7"": 1, ""Z8"": 0, ""Z9"": 0}",True,True,39,1,51,0,0,2103.834,0.0,0.0,0.0,0.0,0.0,1419.858844,812.209,6,11.653692,21.722,2,0,0,True,False
48,P0_no_policy,fleet_16,W0,normal,workday,50,53,52,0.981132,38,37,0.973684,0,0,0,98,98,0,1.0,3,53,39,3,0.030612,0.540816,0.397959,0.030612,3,3,0,0,0,0,0,0,1,1,0,1,6.968,7.981,22,0.564103,24.959,8.0,68.898,4.292,52,0.981132,24,1,0.041667,32,0.484848,630.706,53,25,78,3,633.706,0.702781,16.82,32,66,16,16,0,"{""Z1"": 4, ""Z2"": 1, ""Z3"": 2, ""Z4"": 1, ""Z5"": 1, ""Z6"": 2, ""Z7"": 3, ""Z8"": 1, ""Z9"": 1}",True,True,0,0,53,0,0,2053.888,0.0,0.0,0.0,0.0,0.0,0.0,704.562,16,8.0,10.0,0,0,0,False,False
48,P0_no_policy,fleet_16,W2,heavy_rain,workday,50,53,52,0.981132,38,38,1.0,1,0,0,97,97,0,1.0,2,32,55,8,0.020619,0.329897,0.56701,0.082474,9,8,1,1,1,1,1,0,1,0,0,0,7.795,8.869,37,0.672727,28.323,10.18,69.189,7.702,51,0.980769,12,1,0.083333,47,0.712121,618.706,32,44,76,8,626.706,0.760218,16.086,31,66,16,16,0,"{""Z1"": 3, ""Z2"": 2, ""Z3"": 2, ""Z4"": 0, ""Z5"": 1, ""Z6"": 4, ""Z7"": 3, ""Z8"": 1, ""Z9"": 0}",True,True,46,0,52,0,0,2238.345,0.0,0.0,0.0,0.0,0.0,1494.86061,838.685,16,11.271444,20.0,1,0,0,True,False
48,P0_no_policy,fleet_12,W0,normal,workday,50,53,52,0.981132,38,37,0.973684,0,0,0,98,98,0,1.0,3,53,39,3,0.030612,0.540816,0.397959,0.030612,3,3,0,0,0,0,0,0,1,1,0,1,6.968,7.981,22,0.564103,24.959,8.0,68.898,4.292,52,0.981132,24,1,0.041667,32,0.484848,630.706,53,25,78,3,633.706,0.702781,16.82,32,66,12,12,0,"{""Z1"": 3, ""Z2"": 1, ""Z3"": 1, ""Z4"": 1, ""Z5"": 1, ""Z6"": 1, ""Z7"": 2, ""Z8"": 1, ""Z9"": 1}",True,True,0,0,53,0,0,2053.888,0.0,0.0,0.0,0.0,0.0,0.0,704.562,12,8.0,10.0,0,0,0,False,False
48,P0_no_policy,fleet_12,W2,heavy_rain,workday,50,53,52,0.981132,38,38,1.0,1,0,0,97,97,0,1.0,2,32,55,8,0.020619,0.329897,0.56701,0.082474,9,8,1,1,1,1,1,0,1,0,0,0,7.795,8.869,37,0.672727,28.323,10.18,69.189,7.702,51,0.980769,12,1,0.083333,47,0.712121,618.706,32,44,76,8,626.706,0.760218,16.086,31,66,12,12,0,"{""Z1"": 2, ""Z2"": 2, ""Z3"": 1, ""Z4"": 0, ""Z5"": 1, ""Z6"": 3, ""Z7"": 2, ""Z8"": 1, ""Z9"": 0}",True,True,46,0,52,0,0,2238.345,0.0,0.0,0.0,0.0,0.0,1494.86061,838.685,12,11.271444,20.0,1,0,0,True,False
48,P0_no_policy,fleet_10,W0,normal,workday,50,53,52,0.981132,38,37,0.973684,0,0,0,98,98,0,1.0,3,53,39,3,0.030612,0.540816,0.397959,0.030612,3,3,0,0,0,0,0,0,1,1,0,1,6.968,7.981,22,0.564103,24.959,8.0,68.898,4.292,52,0.981132,24,1,0.041667,32,0.484848,630.706,53,25,78,3,633.706,0.702781,16.82,32,66,10,10,0,"{""Z1"": 3, ""Z2"": 0, ""Z3"": 1, ""Z4"": 1, ""Z5"": 0, ""Z6"": 1, ""Z7"": 2, ""Z8"": 1, ""Z9"": 1}",True,True,0,0,53,0,0,2053.888,0.0,0.0,0.0,0.0,0.0,0.0,704.562,10,8.0,10.0,0,0,0,False,False
48,P0_no_policy,fleet_10,W2,heavy_rain,workday,50,53,52,0.981132,38,38,1.0,1,0,0,97,97,0,1.0,2,32,55,8,0.020619,0.329897,0.56701,0.082474,9,8,1,1,1,1,1,0,1,0,0,0,7.795,8.869,37,0.672727,28.323,10.18,69.189,7.702,51,0.980769,12,1,0.083333,47,0.712121,618.706,32,44,76,8,626.706,0.760218,16.086,31,66,10,10,0,"{""Z1"": 2, ""Z2"": 1, ""Z3"": 1, ""Z4"": 0, ""Z5"": 0, ""Z6"": 3, ""Z7"": 2, ""Z8"": 1, ""Z9"": 0}",True,True,46,0,52,0,0,2238.345,0.0,0.0,0.0,0.0,0.0,1494.86061,838.685,10,11.271444,20.0,1,0,0,True,False
48,P0_no_policy,fleet_8,W0,normal,workday,50,53,52,0.981132,38,37,0.973684,0,0,0,98,98,0,1.0,3,53,39,3,0.030612,0.540816,0.397959,0.030612,3,3,0,0,0,0,0,0,1,1,0,1,6.968,7.981,22,0.564103,24.959,8.0,68.898,4.292,52,0.981132,24,1,0.041667,32,0.484848,630.706,53,25,78,3,633.706,0.702781,16.82,32,66,8,8,0,"{""Z1"": 3, ""Z2"": 0, ""Z3"": 1, ""Z4"": 0, ""Z5"": 0, ""Z6"": 1, ""Z7"": 2, ""Z8"": 0, ""Z9"": 1}",True,True,0,0,53,0,0,2053.888,0.0,0.0,0.0,0.0,0.0,0.0,704.562,8,8.0,10.0,0,0,0,False,False
48,P0_no_policy,fleet_8,W2,heavy_rain,workday,50,53,51,0.962264,38,37,0.973684,1,0,0,97,97,0,1.0,2,33,55,7,0.020619,0.340206,0.56701,0.072165,9,7,2,2,2,2,2,0,2,1,0,1,7.754,8.869,37,0.672727,28.322,10.301,70.049,7.078,50,0.961538,13,2,0.153846,47,0.712121,618.706,33,44,77,7,625.706,0.760168,15.835,31,66,8,8,0,"{""Z1"": 2, ""Z2"": 0, ""Z3"": 1, ""Z4"": 0, ""Z5"": 0, ""Z6"": 3, ""Z7"": 2, ""Z8"": 0, ""Z9"": 0}",True,True,46,0,52,0,0,2265.441,0.0,0.0,0.0,0.0,0.0,1521.95661,855.781,8,12.456667,20.0,2,0,0,True,False
48,P0_no_policy,fleet_6,W0,normal,workday,50,53,52,0.981132,38,37,0.973684,0,0,0,98,98,0,1.0,3,53,39,3,0.030612,0.540816,0.397959,0.030612,3,3,0,0,0,0,0,0,1,1,0,1,6.968,7.981,22,0.564103,24.959,8.0,68.898,4.292,52,0.981132,24,1,0.041667,32,0.484848,630.706,53,25,78,3,633.706,0.702781,16.82,32,66,6,6,0,"{""Z1"": 2, ""Z2"": 0, ""Z3"": 1, ""Z4"": 0, ""Z5"": 0, ""Z6"": 1, ""Z7"": 1, ""Z8"": 0, ""Z9"": 1}",True,True,0,0,53,0,0,2053.888,0.0,0.0,0.0,0.0,0.0,0.0,704.562,6,8.0,10.0,0,0,0,False,False
48,P0_no_policy,fleet_6,W2,heavy_rain,workday,50,53,51,0.962264,38,37,0.973684,1,0,0,97,97,0,1.0,2,33,55,7,0.020619,0.340206,0.56701,0.072165,9,7,2,2,2,2,2,0,2,1,0,1,7.754,8.869,37,0.672727,28.322,10.301,70.049,7.078,50,0.961538,13,2,0.153846,47,0.712121,618.706,33,44,77,7,625.706,0.760168,15.835,31,66,6,6,0,"{""Z1"": 1, ""Z2"": 0, ""Z3"": 1, ""Z4"": 0, ""Z5"": 0, ""Z6"": 3, ""Z7"": 1, ""Z8"": 0, ""Z9"": 0}",True,True,46,0,52,0,0,2265.441,0.0,0.0,0.0,0.0,0.0,1521.95661,855.781,6,12.456667,20.0,2,0,0,True,False
49,P0_no_policy,fleet_16,W0,normal,workday,50,58,56,0.965517,36,35,0.972222,0,0,0,104,104,0,1.0,2,63,32,7,0.019231,0.605769,0.307692,0.067308,7,7,0,0,0,0,0,0,2,2,0,1,7.577,7.471,14,0.4375,27.079,9.887,63.812,4.812,56,0.965517,37,2,0.054054,24,0.421053,726.706,63,17,80,7,733.706,0.680078,17.628,47,57,16,16,0,"{""Z1"": 3, ""Z2"": 1, ""Z3"": 3, ""Z4"": 1, ""Z5"": 1, ""Z6"": 2, ""Z7"": 3, ""Z8"": 1, ""Z9"": 1}",True,True,0,0,58,0,0,2112.662,0.0,0.0,0.0,0.0,0.0,0.0,785.612,16,9.886857,16.0,0,0,0,False,False
49,P0_no_policy,fleet_16,W2,heavy_rain,workday,50,58,56,0.965517,36,36,1.0,2,0,0,101,101,0,1.0,1,42,43,15,0.009901,0.415842,0.425743,0.148515,15,15,0,0,0,0,0,0,0,0,0,0,8.551,8.791,24,0.55814,31.376,11.771,65.307,8.494,56,1.0,22,0,0.0,34,0.596491,714.706,42,31,73,15,729.706,0.747931,17.294,44,57,16,16,0,"{""Z1"": 2, ""Z2"": 1, ""Z3"": 3, ""Z4"": 2, ""Z5"": 1, ""Z6"": 1, ""Z7"": 3, ""Z8"": 1, ""Z9"": 2}",True,True,47,0,56,0,0,2174.756,0.0,0.0,0.0,0.0,0.0,1347.817813,913.728,16,11.771467,22.0,0,0,0,False,False
49,P0_no_policy,fleet_12,W0,normal,workday,50,58,56,0.965517,36,35,0.972222,0,0,0,104,104,0,1.0,2,63,32,7,0.019231,0.605769,0.307692,0.067308,7,7,0,0,0,0,0,0,2,2,0,1,7.577,7.471,14,0.4375,27.079,9.887,63.812,4.812,56,0.965517,37,2,0.054054,24,0.421053,726.706,63,17,80,7,733.706,0.680078,17.628,47,57,12,12,0,"{""Z1"": 2, ""Z2"": 1, ""Z3"": 2, ""Z4"": 1, ""Z5"": 1, ""Z6"": 1, ""Z7"": 2, ""Z8"": 1, ""Z9"": 1}",True,True,0,0,58,0,0,2112.662,0.0,0.0,0.0,0.0,0.0,0.0,785.612,12,9.886857,16.0,0,0,0,False,False
49,P0_no_policy,fleet_12,W2,heavy_rain,workday,50,58,53,0.913793,36,34,0.944444,2,0,0,101,101,0,1.0,1,47,43,10,0.009901,0.465347,0.425743,0.09901,15,10,5,5,5,5,5,0,4,3,0,2,8.501,8.791,24,0.55814,31.375,11.717,67.586,7.284,52,0.928571,26,4,0.153846,34,0.596491,714.706,47,31,78,10,724.706,0.747471,16.338,44,57,12,12,0,"{""Z1"": 1, ""Z2"": 1, ""Z3"": 2, ""Z4"": 2, ""Z5"": 1, ""Z6"": 0, ""Z7"": 2, ""Z8"": 1, ""Z9"": 2}",True,True,47,0,56,0,0,2315.783,0.0,0.0,0.0,0.0,0.0,1450.866113,994.755,12,14.478067,22.0,4,1,0,True,False
49,P0_no_policy,fleet_10,W0,normal,workday,50,58,56,0.965517,36,35,0.972222,0,0,0,104,104,0,1.0,2,64,32,6,0.019231,0.615385,0.307692,0.057692,7,6,1,1,1,1,1,0,2,2,0,1,7.704,7.471,14,0.4375,27.079,9.757,64.32,4.524,56,0.965517,37,2,0.054054,24,0.421053,726.706,64,17,81,6,732.706,0.680054,17.414,47,57,10,10,0,"{""Z1"": 2, ""Z2"": 0, ""Z3"": 2, ""Z4"": 1, ""Z5"": 0, ""Z6"": 1, ""Z7"": 2, ""Z8"": 1, ""Z9"": 1}",True,True,0,0,58,0,0,2149.709,0.0,0.0,0.0,0.0,0.0,0.0,810.659,10,11.220143,20.0,1,0,0,True,False
49,P0_no_policy,fleet_10,W2,heavy_rain,workday,50,58,53,0.913793,36,34,0.944444,2,0,0,101,101,0,1.0,1,48,43,9,0.009901,0.475248,0.425743,0.089109,15,9,6,6,6,6,6,0,4,3,0,2,8.651,8.791,24,0.55814,31.375,11.834,68.11,6.988,52,0.928571,26,4,0.153846,34,0.596491,714.706,48,31,79,9,723.706,0.747442,16.075,44,57,10,10,0,"{""Z1"": 1, ""Z2"": 0, ""Z3"": 2, ""Z4"": 2, ""Z5"": 0, ""Z6"": 0, ""Z7"": 2, ""Z8"": 1, ""Z9"": 2}",True,True,47,0,56,0,0,2352.83,0.0,0.0,0.0,0.0,0.0,1450.866113,1019.802,10,15.100267,22.0,5,1,0,True,False
49,P0_no_policy,fleet_8,W0,normal,workday,50,58,56,0.965517,36,35,0.972222,0,0,0,104,104,0,1.0,2,64,32,6,0.019231,0.615385,0.307692,0.057692,7,6,1,1,1,1,1,0,2,2,0,1,7.704,7.471,14,0.4375,27.079,9.757,64.32,4.524,56,0.965517,37,2,0.054054,24,0.421053,726.706,64,17,81,6,732.706,0.680054,17.414,47,57,8,8,0,"{""Z1"": 2, ""Z2"": 0, ""Z3"": 2, ""Z4"": 0, ""Z5"": 0, ""Z6"": 1, ""Z7"": 2, ""Z8"": 0, ""Z9"": 1}",True,True,0,0,58,0,0,2149.709,0.0,0.0,0.0,0.0,0.0,0.0,810.659,8,11.220143,20.0,1,0,0,True,False
49,P0_no_policy,fleet_8,W2,heavy_rain,workday,50,58,53,0.913793,36,34,0.944444,2,0,0,101,101,0,1.0,1,48,43,9,0.009901,0.475248,0.425743,0.089109,15,9,6,6,6,6,6,0,4,3,0,2,8.651,8.791,24,0.55814,31.375,11.834,68.11,6.988,52,0.928571,26,4,0.153846,34,0.596491,714.706,48,31,79,9,723.706,0.747442,16.075,44,57,8,8,0,"{""Z1"": 1, ""Z2"": 0, ""Z3"": 2, ""Z4"": 1, ""Z5"": 0, ""Z6"": 0, ""Z7"": 2, ""Z8"": 0, ""Z9"": 2}",True,True,47,0,56,0,0,2352.83,0.0,0.0,0.0,0.0,0.0,1450.866113,1019.802,8,15.100267,22.0,5,1,0,True,False
49,P0_no_policy,fleet_6,W0,normal,workday,50,58,56,0.965517,36,35,0.972222,0,0,0,104,104,0,1.0,2,64,32,6,0.019231,0.615385,0.307692,0.057692,7,6,1,1,1,1,1,0,2,2,0,1,7.704,7.471,14,0.4375,27.079,9.757,64.32,4.524,56,0.965517,37,2,0.054054,24,0.421053,726.706,64,17,81,6,732.706,0.680054,17.414,47,57,6,6,0,"{""Z1"": 1, ""Z2"": 0, ""Z3"": 2, ""Z4"": 0, ""Z5"": 0, ""Z6"": 1, ""Z7"": 1, ""Z8"": 0, ""Z9"": 1}",True,True,0,0,58,0,0,2149.709,0.0,0.0,0.0,0.0,0.0,0.0,810.659,6,11.220143,20.0,1,0,0,True,False
49,P0_no_policy,fleet_6,W2,heavy_rain,workday,50,58,53,0.913793,36,34,0.944444,2,0,0,101,101,0,1.0,1,48,43,9,0.009901,0.475248,0.425743,0.089109,15,9,6,6,6,6,6,0,4,3,0,2,8.651,8.791,24,0.55814,31.375,11.834,68.11,6.988,52,0.928571,26,4,0.153846,34,0.596491,714.706,48,31,79,9,723.706,0.747442,16.075,44,57,6,6,0,"{""Z1"": 0, ""Z2"": 0, ""Z3"": 2, ""Z4"": 1, ""Z5"": 0, ""Z6"": 0, ""Z7"": 1, ""Z8"": 0, ""Z9"": 2}",True,True,47,0,56,0,0,2352.83,0.0,0.0,0.0,0.0,0.0,1450.866113,1019.802,6,15.100267,22.0,5,1,0,True,False
50,P0_no_policy,fleet_16,W0,normal,workday,50,60,58,0.966667,35,34,0.971429,0,0,0,106,106,0,1.0,1,54,44,7,0.009434,0.509434,0.415094,0.066038,7,7,0,0,0,0,0,0,1,2,0,1,7.187,8.829,23,0.522727,28.443,9.048,63.589,5.045,59,0.983333,27,0,0.0,35,0.555556,706.941,54,28,82,7,713.941,0.690307,17.712,43,63,16,16,0,"{""Z1"": 3, ""Z2"": 2, ""Z3"": 2, ""Z4"": 1, ""Z5"": 1, ""Z6"": 2, ""Z7"": 3, ""Z8"": 1, ""Z9"": 1}",True,True,0,0,60,0,0,2256.495,0.0,0.0,0.0,0.0,0.0,0.0,839.882,16,9.047714,10.667,0,0,0,False,False
50,P0_no_policy,fleet_16,W2,heavy_rain,workday,50,60,56,0.933333,35,34,0.971429,3,0,0,97,97,0,1.0,1,33,53,10,0.010309,0.340206,0.546392,0.103093,10,10,0,0,0,0,0,0,1,1,0,1,7.705,9.169,31,0.584906,31.09,9.667,64.858,6.611,53,0.981481,14,0,0.0,42,0.736842,718.941,33,40,73,10,728.941,0.741145,17.158,40,57,16,16,0,"{""Z1"": 3, ""Z2"": 2, ""Z3"": 2, ""Z4"": 1, ""Z5"": 1, ""Z6"": 2, ""Z7"": 3, ""Z8"": 1, ""Z9"": 1}",True,True,40,3,54,0,0,2204.506,0.0,0.0,0.0,0.0,0.0,1304.681668,836.893,16,9.6667,13.333,0,0,0,False,False
50,P0_no_policy,fleet_12,W0,normal,workday,50,60,58,0.966667,35,34,0.971429,0,0,0,106,106,0,1.0,1,54,44,7,0.009434,0.509434,0.415094,0.066038,7,7,0,0,0,0,0,0,1,2,0,1,7.187,8.829,23,0.522727,28.443,9.048,63.589,5.045,59,0.983333,27,0,0.0,35,0.555556,706.941,54,28,82,7,713.941,0.690307,17.712,43,63,12,12,0,"{""Z1"": 2, ""Z2"": 2, ""Z3"": 1, ""Z4"": 1, ""Z5"": 1, ""Z6"": 1, ""Z7"": 2, ""Z8"": 1, ""Z9"": 1}",True,True,0,0,60,0,0,2256.495,0.0,0.0,0.0,0.0,0.0,0.0,839.882,12,9.047714,10.667,0,0,0,False,False
50,P0_no_policy,fleet_12,W2,heavy_rain,workday,50,60,56,0.933333,35,34,0.971429,3,0,0,97,97,0,1.0,1,33,53,10,0.010309,0.340206,0.546392,0.103093,10,10,0,0,0,0,0,0,1,1,0,1,7.705,9.169,31,0.584906,31.09,9.667,64.858,6.611,53,0.981481,14,0,0.0,42,0.736842,718.941,33,40,73,10,728.941,0.741145,17.158,40,57,12,12,0,"{""Z1"": 2, ""Z2"": 2, ""Z3"": 1, ""Z4"": 1, ""Z5"": 1, ""Z6"": 1, ""Z7"": 2, ""Z8"": 1, ""Z9"": 1}",True,True,40,3,54,0,0,2204.506,0.0,0.0,0.0,0.0,0.0,1304.681668,836.893,12,9.6667,13.333,0,0,0,False,False
50,P0_no_policy,fleet_10,W0,normal,workday,50,60,58,0.966667,35,34,0.971429,0,0,0,106,106,0,1.0,1,55,44,6,0.009434,0.518868,0.415094,0.056604,7,6,1,1,1,1,1,0,1,2,0,1,7.342,8.829,23,0.522727,28.443,8.778,64.04,4.833,59,0.983333,27,0,0.0,35,0.555556,706.941,55,28,83,6,712.941,0.690279,17.466,43,63,10,10,0,"{""Z1"": 2, ""Z2"": 1, ""Z3"": 1, ""Z4"": 1, ""Z5"": 0, ""Z6"": 1, ""Z7"": 2, ""Z8"": 1, ""Z9"": 1}",True,True,0,0,60,0,0,2293.542,0.0,0.0,0.0,0.0,0.0,0.0,864.929,10,10.381,20.0,1,0,0,True,False
50,P0_no_policy,fleet_10,W2,heavy_rain,workday,50,60,56,0.933333,35,34,0.971429,3,0,0,97,97,0,1.0,1,34,53,9,0.010309,0.350515,0.546392,0.092784,10,9,1,1,1,1,1,0,1,1,0,1,7.941,9.169,31,0.584906,31.09,9.556,65.351,6.379,53,0.981481,14,0,0.0,42,0.736842,718.941,34,40,74,9,727.941,0.741106,16.809,40,57,10,10,0,"{""Z1"": 2, ""Z2"": 1, ""Z3"": 1, ""Z4"": 1, ""Z5"": 0, ""Z6"": 1, ""Z7"": 2, ""Z8"": 1, ""Z9"": 1}",True,True,40,3,54,0,0,2241.553,0.0,0.0,0.0,0.0,0.0,1304.681668,861.94,10,10.6,20.0,1,0,0,True,False
50,P0_no_policy,fleet_8,W0,normal,workday,50,60,57,0.95,35,34,0.971429,0,0,0,106,106,0,1.0,2,55,44,5,0.018868,0.518868,0.415094,0.04717,7,5,2,2,2,2,2,0,2,3,0,1,7.342,8.829,23,0.522727,28.443,8.933,64.695,4.635,58,0.966667,27,0,0.0,35,0.555556,706.941,55,28,83,5,711.941,0.693821,17.208,43,63,8,8,0,"{""Z1"": 2, ""Z2"": 1, ""Z3"": 1, ""Z4"": 0, ""Z5"": 0, ""Z6"": 1, ""Z7"": 2, ""Z8"": 0, ""Z9"": 1}",True,True,0,0,60,0,0,2375.13,0.0,0.0,0.0,0.0,0.0,0.0,876.929,8,12.095286,20.0,2,0,0,True,False
50,P0_no_policy,fleet_8,W2,heavy_rain,workday,50,60,54,0.9,35,33,0.942857,3,0,0,97,97,0,1.0,2,35,53,7,0.020619,0.360825,0.546392,0.072165,10,7,3,3,3,3,3,0,3,3,0,2,7.877,9.169,31,0.584906,31.09,9.81,66.579,5.893,51,0.944444,15,1,0.066667,42,0.736842,718.941,35,40,75,7,725.941,0.753243,16.185,40,57,8,8,0,"{""Z1"": 2, ""Z2"": 1, ""Z3"": 1, ""Z4"": 0, ""Z5"": 0, ""Z6"": 1, ""Z7"": 2, ""Z8"": 0, ""Z9"": 1}",True,True,40,3,54,0,0,2351.522,0.0,0.0,0.0,0.0,0.0,1333.062668,890.321,8,12.8667,20.0,3,0,0,True,False
50,P0_no_policy,fleet_6,W0,normal,workday,50,60,57,0.95,35,34,0.971429,0,0,0,106,106,0,1.0,2,55,44,5,0.018868,0.518868,0.415094,0.04717,7,5,2,2,2,2,2,0,2,3,0,1,7.342,8.829,23,0.522727,28.443,8.933,64.695,4.635,58,0.966667,27,0,0.0,35,0.555556,706.941,55,28,83,5,711.941,0.693821,17.208,43,63,6,6,0,"{""Z1"": 1, ""Z2"": 1, ""Z3"": 1, ""Z4"": 0, ""Z5"": 0, ""Z6"": 1, ""Z7"": 1, ""Z8"": 0, ""Z9"": 1}",True,True,0,0,60,0,0,2375.13,0.0,0.0,0.0,0.0,0.0,0.0,876.929,6,12.095286,20.0,2,0,0,True,False
50,P0_no_policy,fleet_6,W2,heavy_rain,workday,50,60,54,0.9,35,33,0.942857,3,0,0,97,97,0,1.0,2,35,53,7,0.020619,0.360825,0.546392,0.072165,10,7,3,3,3,3,3,0,3,3,0,2,7.877,9.169,31,0.584906,31.09,9.81,66.579,5.893,51,0.944444,15,1,0.066667,42,0.736842,718.941,35,40,75,7,725.941,0.753243,16.185,40,57,6,6,0,"{""Z1"": 1, ""Z2"": 1, ""Z3"": 1, ""Z4"": 0, ""Z5"": 0, ""Z6"": 1, ""Z7"": 1, ""Z8"": 0, ""Z9"": 1}",True,True,40,3,54,0,0,2351.522,0.0,0.0,0.0,0.0,0.0,1333.062668,890.321,6,12.8667,20.0,3,0,0,True,False
51,P0_no_policy,fleet_16,W0,normal,workday,50,48,47,0.979167,37,36,0.972973,0,0,0,90,90,0,1.0,2,42,41,5,0.022222,0.466667,0.455556,0.055556,5,5,0,0,0,0,0,0,1,1,0,1,6.608,8.706,24,0.585366,25.825,10.0,61.052,5.195,47,0.979167,22,0,0.0,38,0.730769,646.941,42,28,70,5,651.941,0.722556,17.518,38,52,16,16,0,"{""Z1"": 3, ""Z2"": 2, ""Z3"": 2, ""Z4"": 1, ""Z5"": 1, ""Z6"": 2, ""Z7"": 3, ""Z8"": 1, ""Z9"": 1}",True,True,0,0,48,0,0,1930.081,0.0,0.0,0.0,0.0,0.0,0.0,684.481,16,10.0002,10.667,0,0,0,False,False
51,P0_no_policy,fleet_16,W2,heavy_rain,workday,50,48,45,0.9375,37,36,0.972973,2,0,0,88,88,0,1.0,0,26,48,14,0.0,0.295455,0.545455,0.159091,14,14,0,0,0,0,0,0,1,1,0,1,7.013,8.91,29,0.604167,29.148,10.694,62.094,8.23,45,0.978261,13,0,0.0,43,0.826923,646.941,26,35,61,14,660.941,0.813758,17.723,36,52,16,16,0,"{""Z1"": 3, ""Z2"": 2, ""Z3"": 2, ""Z4"": 1, ""Z5"": 1, ""Z6"": 2, ""Z7"": 3, ""Z8"": 1, ""Z9"": 1}",True,True,37,0,46,0,0,1881.766,0.0,0.0,0.0,0.0,0.0,1323.581164,759.766,16,10.694429,14.667,0,0,0,False,False
51,P0_no_policy,fleet_12,W0,normal,workday,50,48,47,0.979167,37,36,0.972973,0,0,0,90,90,0,1.0,2,42,41,5,0.022222,0.466667,0.455556,0.055556,5,5,0,0,0,0,0,0,1,1,0,1,6.608,8.706,24,0.585366,25.825,10.0,61.052,5.195,47,0.979167,22,0,0.0,38,0.730769,646.941,42,28,70,5,651.941,0.722556,17.518,38,52,12,12,0,"{""Z1"": 2, ""Z2"": 2, ""Z3"": 1, ""Z4"": 1, ""Z5"": 1, ""Z6"": 1, ""Z7"": 2, ""Z8"": 1, ""Z9"": 1}",True,True,0,0,48,0,0,1930.081,0.0,0.0,0.0,0.0,0.0,0.0,684.481,12,10.0002,10.667,0,0,0,False,False
51,P0_no_policy,fleet_12,W2,heavy_rain,workday,50,48,45,0.9375,37,36,0.972973,2,0,0,88,88,0,1.0,0,26,48,14,0.0,0.295455,0.545455,0.159091,14,14,0,0,0,0,0,0,2,1,0,1,7.013,8.91,29,0.604167,29.148,12.694,62.412,8.23,44,0.956522,13,0,0.0,43,0.826923,646.941,26,35,61,14,660.941,0.813758,17.723,36,52,12,12,0,"{""Z1"": 2, ""Z2"": 2, ""Z3"": 1, ""Z4"": 1, ""Z5"": 1, ""Z6"": 1, ""Z7"": 2, ""Z8"": 1, ""Z9"": 1}",True,True,37,0,46,0,0,1909.76,0.0,0.0,0.0,0.0,0.0,1351.575164,787.76,12,12.694034,32.855112,0,0,0,False,False
51,P0_no_policy,fleet_10,W0,normal,workday,50,48,46,0.958333,37,35,0.945946,0,0,0,90,90,0,1.0,2,44,41,3,0.022222,0.488889,0.455556,0.033333,5,3,2,2,2,2,2,0,2,2,0,2,6.821,8.706,24,0.585366,25.825,9.778,62.07,4.58,46,0.958333,23,1,0.043478,38,0.730769,646.941,44,28,72,3,649.941,0.722509,16.987,38,52,10,10,0,"{""Z1"": 2, ""Z2"": 1, ""Z3"": 1, ""Z4"": 1, ""Z5"": 0, ""Z6"": 1, ""Z7"": 2, ""Z8"": 1, ""Z9"": 1}",True,True,0,0,48,0,0,1995.985,0.0,0.0,0.0,0.0,0.0,0.0,726.385,10,13.8668,20.0,2,0,0,True,False
51,P0_no_policy,fleet_10,W2,heavy_rain,workday,50,48,43,0.895833,37,35,0.945946,2,0,0,88,88,0,1.0,0,29,48,11,0.0,0.329545,0.545455,0.125,14,11,3,3,3,3,3,0,4,3,0,2,7.608,8.91,29,0.604167,29.148,13.307,64.058,7.34,42,0.913043,15,2,0.133333,43,0.826923,646.941,29,35,64,11,657.941,0.813163,16.822,36,52,10,10,0,"{""Z1"": 2, ""Z2"": 1, ""Z3"": 1, ""Z4"": 1, ""Z5"": 0, ""Z6"": 1, ""Z7"": 2, ""Z8"": 1, ""Z9"": 1}",True,True,37,0,46,0,0,2012.711,0.0,0.0,0.0,0.0,0.0,1352.651078,854.711,10,14.741605,32.855112,3,0,0,True,False
51,P0_no_policy,fleet_8,W0,normal,workday,50,48,44,0.916667,37,35,0.945946,0,0,0,90,90,0,1.0,3,46,41,0,0.033333,0.511111,0.455556,0.0,5,0,5,5,5,5,5,0,4,4,0,2,7.207,8.706,24,0.585366,25.825,,63.827,3.867,44,0.916667,24,2,0.083333,38,0.730769,646.941,46,28,74,0,646.941,0.72778,15.988,38,52,8,8,0,"{""Z1"": 2, ""Z2"": 1, ""Z3"": 1, ""Z4"": 0, ""Z5"": 0, ""Z6"": 1, ""Z7"": 2, ""Z8"": 0, ""Z9"": 1}",True,True,0,0,48,0,0,2143.566,0.0,0.0,0.0,0.0,0.0,0.0,788.479,8,20.0,20.0,5,0,0,True,False
51,P0_no_policy,fleet_8,W2,heavy_rain,workday,50,48,40,0.833333,37,34,0.918919,2,0,0,88,88,0,1.0,0,33,48,7,0.0,0.375,0.545455,0.079545,14,7,7,7,7,7,7,0,7,6,0,3,8.114,8.91,29,0.604167,29.148,14.816,66.257,6.22,39,0.847826,18,5,0.277778,43,0.826923,646.941,33,35,68,7,653.941,0.813008,15.545,36,52,8,8,0,"{""Z1"": 2, ""Z2"": 1, ""Z3"": 1, ""Z4"": 0, ""Z5"": 0, ""Z6"": 1, ""Z7"": 2, ""Z8"": 0, ""Z9"": 1}",True,True,37,0,46,0,0,2145.186,0.0,0.0,0.0,0.0,0.0,1377.032078,939.186,8,17.408248,32.855112,7,0,0,True,False
51,P0_no_policy,fleet_6,W0,normal,workday,50,48,44,0.916667,37,35,0.945946,0,0,0,90,90,0,1.0,3,46,41,0,0.033333,0.511111,0.455556,0.0,5,0,5,5,5,5,5,0,4,4,0,2,7.207,8.706,24,0.585366,25.825,,63.827,3.867,44,0.916667,24,2,0.083333,38,0.730769,646.941,46,28,74,0,646.941,0.72778,15.988,38,52,6,6,0,"{""Z1"": 1, ""Z2"": 1, ""Z3"": 1, ""Z4"": 0, ""Z5"": 0, ""Z6"": 1, ""Z7"": 1, ""Z8"": 0, ""Z9"": 1}",True,True,0,0,48,0,0,2143.566,0.0,0.0,0.0,0.0,0.0,0.0,788.479,6,20.0,20.0,5,0,0,True,False
51,P0_no_policy,fleet_6,W2,heavy_rain,workday,50,48,40,0.833333,37,34,0.918919,2,0,0,88,88,0,1.0,0,33,48,7,0.0,0.375,0.545455,0.079545,14,7,7,7,7,7,7,0,7,6,0,3,8.114,8.91,29,0.604167,29.148,14.816,66.257,6.22,39,0.847826,18,5,0.277778,43,0.826923,646.941,33,35,68,7,653.941,0.813008,15.545,36,52,6,6,0,"{""Z1"": 1, ""Z2"": 1, ""Z3"": 1, ""Z4"": 0, ""Z5"": 0, ""Z6"": 1, ""Z7"": 1, ""Z8"": 0, ""Z9"": 1}",True,True,37,0,46,0,0,2145.186,0.0,0.0,0.0,0.0,0.0,1377.032078,939.186,6,17.408248,32.855112,7,0,0,True,False
52,P0_no_policy,fleet_16,W0,normal,workday,50,55,54,0.981818,38,37,0.973684,0,0,0,99,99,0,1.0,3,47,42,7,0.030303,0.474747,0.424242,0.070707,7,7,0,0,0,0,0,0,1,1,0,1,7.188,7.533,21,0.5,24.234,10.548,60.263,5.182,54,0.981818,22,1,0.045455,36,0.631579,678.706,47,21,68,7,685.706,0.709854,18.022,42,57,16,16,0,"{""Z1"": 2, ""Z2"": 3, ""Z3"": 2, ""Z4"": 1, ""Z5"": 1, ""Z6"": 2, ""Z7"": 3, ""Z8"": 1, ""Z9"": 1}",True,True,0,0,55,0,0,2080.803,0.0,0.0,0.0,0.0,0.0,0.0,728.053,16,10.547714,13.333,0,0,0,False,False
52,P0_no_policy,fleet_16,W2,heavy_rain,workday,50,55,52,0.945455,38,38,1.0,3,0,0,90,90,0,1.0,0,29,44,17,0.0,0.322222,0.488889,0.188889,17,17,0,0,0,0,0,0,0,0,0,0,8.403,8.661,26,0.590909,28.787,11.516,60.324,9.237,50,1.0,10,0,0.0,41,0.745455,662.471,29,28,57,17,679.471,0.740616,18.403,35,55,16,16,0,"{""Z1"": 4, ""Z2"": 2, ""Z3"": 2, ""Z4"": 1, ""Z5"": 1, ""Z6"": 3, ""Z7"": 3, ""Z8"": 0, ""Z9"": 0}",True,True,46,2,50,0,0,1920.554,0.0,0.0,0.0,0.0,0.0,1323.558801,820.554,16,11.516176,21.239,0,0,0,False,False
52,P0_no_policy,fleet_12,W0,normal,workday,50,55,54,0.981818,38,37,0.973684,0,0,0,99,99,0,1.0,3,47,42,7,0.030303,0.474747,0.424242,0.070707,7,7,0,0,0,0,0,0,2,1,0,1,7.188,7.533,21,0.5,24.234,13.201,60.45,5.182,53,0.963636,22,1,0.045455,36,0.631579,678.706,47,21,68,7,685.706,0.709854,18.022,42,57,12,12,0,"{""Z1"": 1, ""Z2"": 3, ""Z3"": 1, ""Z4"": 1, ""Z5"": 1, ""Z6"": 1, ""Z7"": 2, ""Z8"": 1, ""Z9"": 1}",True,True,0,0,55,0,0,2099.373,0.0,0.0,0.0,0.0,0.0,0.0,746.623,12,13.200514,29.2366,0,0,0,False,False
52,P0_no_policy,fleet_12,W2,heavy_rain,workday,50,55,52,0.945455,38,38,1.0,3,0,0,90,90,0,1.0,0,29,44,17,0.0,0.322222,0.488889,0.188889,17,17,0,0,0,0,0,0,0,0,0,0,8.403,8.661,26,0.590909,28.787,12.175,60.449,9.237,50,1.0,10,0,0.0,41,0.745455,662.471,29,28,57,17,679.471,0.740616,18.403,35,55,12,12,0,"{""Z1"": 3, ""Z2"": 2, ""Z3"": 1, ""Z4"": 1, ""Z5"": 1, ""Z6"": 2, ""Z7"": 2, ""Z8"": 0, ""Z9"": 0}",True,True,46,2,50,0,0,1931.758,0.0,0.0,0.0,0.0,0.0,1334.762801,831.758,12,12.175262,24.537453,0,0,0,False,False
52,P0_no_policy,fleet_10,W0,normal,workday,50,55,54,0.981818,38,37,0.973684,0,0,0,99,99,0,1.0,3,47,42,7,0.030303,0.474747,0.424242,0.070707,7,7,0,0,0,0,0,0,2,1,0,1,7.188,7.533,21,0.5,24.234,13.201,60.45,5.182,53,0.963636,22,1,0.045455,36,0.631579,678.706,47,21,68,7,685.706,0.709854,18.022,42,57,10,10,0,"{""Z1"": 1, ""Z2"": 2, ""Z3"": 1, ""Z4"": 1, ""Z5"": 0, ""Z6"": 1, ""Z7"": 2, ""Z8"": 1, ""Z9"": 1}",True,True,0,0,55,0,0,2099.373,0.0,0.0,0.0,0.0,0.0,0.0,746.623,10,13.200514,29.2366,0,0,0,False,False
52,P0_no_policy,fleet_10,W2,heavy_rain,workday,50,55,52,0.945455,38,38,1.0,3,0,0,90,90,0,1.0,1,29,44,16,0.011111,0.322222,0.488889,0.177778,17,16,1,1,1,1,1,0,0,0,0,0,8.403,8.661,26,0.590909,28.787,12.27,60.78,9.081,50,1.0,10,0,0.0,41,0.745455,662.471,29,28,57,16,678.471,0.749533,18.152,35,55,10,10,0,"{""Z1"": 3, ""Z2"": 1, ""Z3"": 1, ""Z4"": 1, ""Z5"": 0, ""Z6"": 2, ""Z7"": 2, ""Z8"": 0, ""Z9"": 0}",True,True,46,2,50,0,0,1967.438,0.0,0.0,0.0,0.0,0.0,1334.762801,841.091,10,12.724262,24.537453,1,0,0,True,False
52,P0_no_policy,fleet_8,W0,normal,workday,50,55,54,0.981818,38,37,0.973684,0,0,0,99,99,0,1.0,3,48,42,6,0.030303,0.484848,0.424242,0.060606,7,6,1,1,1,1,1,0,2,1,0,1,7.365,7.533,21,0.5,24.234,13.623,60.888,5.02,53,0.963636,22,1,0.045455,36,0.631579,678.706,48,21,69,6,684.706,0.709823,17.744,42,57,8,8,0,"{""Z1"": 1, ""Z2"": 2, ""Z3"": 1, ""Z4"": 0, ""Z5"": 0, ""Z6"": 1, ""Z7"": 2, ""Z8"": 0, ""Z9"": 1}",True,True,0,0,55,0,0,2136.42,0.0,0.0,0.0,0.0,0.0,0.0,771.67,8,14.5338,29.2366,1,0,0,True,False
52,P0_no_policy,fleet_8,W2,heavy_rain,workday,50,55,51,0.927273,38,37,0.973684,3,0,0,90,90,0,1.0,1,32,45,12,0.011111,0.355556,0.5,0.133333,17,12,5,5,5,5,5,0,1,1,0,1,8.464,8.978,27,0.6,29.124,12.247,62.766,7.909,49,0.98,11,1,0.090909,42,0.763636,662.471,32,29,61,12,674.471,0.748178,17.176,35,55,8,8,0,"{""Z1"": 2, ""Z2"": 1, ""Z3"": 1, ""Z4"": 0, ""Z5"": 0, ""Z6"": 2, ""Z7"": 2, ""Z8"": 0, ""Z9"": 0}",True,True,46,2,50,0,0,2104.144,0.0,0.0,0.0,0.0,0.0,1401.507801,921.797,8,14.527164,24.520786,5,0,0,True,False
52,P0_no_policy,fleet_6,W0,normal,workday,50,55,54,0.981818,38,37,0.973684,0,0,0,99,99,0,1.0,3,48,42,6,0.030303,0.484848,0.424242,0.060606,7,6,1,1,1,1,1,0,2,1,0,1,7.365,7.533,21,0.5,24.234,13.623,60.888,5.02,53,0.963636,22,1,0.045455,36,0.631579,678.706,48,21,69,6,684.706,0.709823,17.744,42,57,6,6,0,"{""Z1"": 0, ""Z2"": 2, ""Z3"": 1, ""Z4"": 0, ""Z5"": 0, ""Z6"": 1, ""Z7"": 1, ""Z8"": 0, ""Z9"": 1}",True,True,0,0,55,0,0,2136.42,0.0,0.0,0.0,0.0,0.0,0.0,771.67,6,14.5338,29.2366,1,0,0,True,False
52,P0_no_policy,fleet_6,W2,heavy_rain,workday,50,55,51,0.927273,38,37,0.973684,3,0,0,90,90,0,1.0,1,32,45,12,0.011111,0.355556,0.5,0.133333,17,12,5,5,5,5,5,0,1,1,0,1,8.464,8.978,27,0.6,29.124,12.247,62.766,7.909,49,0.98,11,1,0.090909,42,0.763636,662.471,32,29,61,12,674.471,0.748178,17.176,35,55,6,6,0,"{""Z1"": 1, ""Z2"": 1, ""Z3"": 1, ""Z4"": 0, ""Z5"": 0, ""Z6"": 2, ""Z7"": 1, ""Z8"": 0, ""Z9"": 0}",True,True,46,2,50,0,0,2104.144,0.0,0.0,0.0,0.0,0.0,1401.507801,921.797,6,14.527164,24.520786,5,0,0,True,False
53,P0_no_policy,fleet_16,W0,normal,workday,50,52,49,0.942308,38,35,0.921053,0,0,0,95,95,0,1.0,2,50,33,10,0.021053,0.526316,0.347368,0.105263,11,10,1,1,1,1,1,0,3,3,0,3,6.875,7.791,19,0.575758,24.377,11.501,60.912,6.152,49,0.942308,23,3,0.130435,28,0.583333,614.706,50,21,71,10,624.706,0.73855,18.032,47,48,16,16,0,"{""Z1"": 3, ""Z2"": 1, ""Z3"": 3, ""Z4"": 1, ""Z5"": 1, ""Z6"": 2, ""Z7"": 3, ""Z8"": 1, ""Z9"": 1}",True,True,0,0,52,0,0,1905.114,0.0,0.0,0.0,0.0,0.0,0.0,735.864,16,12.273818,20.0,0,1,0,True,False
53,P0_no_policy,fleet_16,W2,heavy_rain,workday,50,52,50,0.961538,38,36,0.947368,0,0,0,93,93,0,1.0,1,37,39,16,0.010753,0.397849,0.419355,0.172043,18,16,2,2,2,2,2,0,2,2,0,2,7.222,8.254,24,0.615385,28.101,11.303,61.549,8.642,49,0.960784,16,2,0.125,32,0.695652,590.706,37,28,65,16,606.706,0.808709,16.809,47,46,16,16,0,"{""Z1"": 3, ""Z2"": 1, ""Z3"": 3, ""Z4"": 1, ""Z5"": 1, ""Z6"": 1, ""Z7"": 3, ""Z8"": 1, ""Z9"": 2}",True,True,44,1,51,0,0,1902.103,0.0,0.0,0.0,0.0,0.0,1355.65597,809.953,16,12.269057,20.0,0,2,0,True,False
53,P0_no_policy,fleet_12,W0,normal,workday,50,52,48,0.923077,38,34,0.894737,0,0,0,95,95,0,1.0,2,51,33,9,0.021053,0.536842,0.347368,0.094737,11,9,2,2,2,2,2,0,4,4,0,4,6.852,7.791,19,0.575758,24.377,11.298,61.325,5.893,48,0.923077,24,4,0.166667,28,0.583333,614.706,51,21,72,9,623.706,0.738485,17.824,47,48,12,12,0,"{""Z1"": 2, ""Z2"": 1, ""Z3"": 2, ""Z4"": 1, ""Z5"": 1, ""Z6"": 1, ""Z7"": 2, ""Z8"": 1, ""Z9"": 1}",True,True,0,0,52,0,0,1929.495,0.0,0.0,0.0,0.0,0.0,0.0,748.245,12,12.879909,20.0,0,2,0,True,False
53,P0_no_policy,fleet_12,W2,heavy_rain,workday,50,52,49,0.942308,38,35,0.921053,0,0,0,93,93,0,1.0,1,41,39,12,0.010753,0.44086,0.419355,0.129032,18,12,6,6,6,6,6,0,3,3,0,3,7.319,8.254,24,0.615385,28.1,11.015,63.748,7.281,48,0.941176,17,3,0.176471,32,0.695652,590.706,41,28,69,12,602.706,0.804623,16.074,47,46,12,12,0,"{""Z1"": 2, ""Z2"": 1, ""Z3"": 2, ""Z4"": 1, ""Z5"": 1, ""Z6"": 0, ""Z7"": 2, ""Z8"": 1, ""Z9"": 2}",True,True,44,1,51,0,0,2014.292,0.0,0.0,0.0,0.0,0.0,1450.13097,874.142,12,14.009779,20.0,5,1,0,True,False
53,P0_no_policy,fleet_10,W0,normal,workday,50,52,47,0.903846,38,33,0.868421,0,0,0,95,95,0,1.0,2,53,33,7,0.021053,0.557895,0.347368,0.073684,11,7,4,4,4,4,4,0,6,5,0,5,6.76,7.791,19,0.575758,24.377,11.954,62.09,5.421,46,0.884615,26,6,0.230769,28,0.583333,614.706,53,21,74,7,621.706,0.738383,17.407,47,48,10,10,0,"{""Z1"": 2, ""Z2"": 0, ""Z3"": 2, ""Z4"": 1, ""Z5"": 0, ""Z6"": 1, ""Z7"": 2, ""Z8"": 1, ""Z9"": 1}",True,True,0,0,52,0,0,1976.295,0.0,0.0,0.0,0.0,0.0,0.0,779.045,10,14.879909,20.0,2,2,0,True,False
53,P0_no_policy,fleet_10,W2,heavy_rain,workday,50,52,48,0.923077,38,34,0.894737,0,0,0,93,93,0,1.0,1,42,40,10,0.010753,0.451613,0.430108,0.107527,18,10,8,8,8,8,8,0,5,4,0,4,7.259,8.347,25,0.625,28.592,11.418,64.653,6.863,46,0.901961,18,4,0.222222,32,0.695652,590.706,42,30,72,10,600.706,0.799055,15.771,47,46,10,10,0,"{""Z1"": 2, ""Z2"": 0, ""Z3"": 2, ""Z4"": 1, ""Z5"": 0, ""Z6"": 0, ""Z7"": 2, ""Z8"": 1, ""Z9"": 2}",True,True,44,1,51,0,0,2077.092,0.0,0.0,0.0,0.0,0.0,1500.130801,912.942,10,15.232001,20.0,7,1,0,True,False
53,P0_no_policy,fleet_8,W0,normal,workday,50,52,45,0.865385,38,31,0.815789,0,0,0,95,95,0,1.0,2,55,33,5,0.021053,0.578947,0.347368,0.052632,11,5,6,6,6,6,6,0,8,7,0,7,6.722,7.791,19,0.575758,24.377,11.8,62.998,4.827,44,0.846154,28,8,0.285714,28,0.583333,614.706,55,21,76,5,619.706,0.738466,16.99,47,48,8,8,0,"{""Z1"": 2, ""Z2"": 0, ""Z3"": 2, ""Z4"": 0, ""Z5"": 0, ""Z6"": 1, ""Z7"": 2, ""Z8"": 0, ""Z9"": 1}",True,True,0,0,52,0,0,2027.044,0.0,0.0,0.0,0.0,0.0,0.0,805.794,8,16.272727,20.0,5,1,0,True,False
53,P0_no_policy,fleet_8,W2,heavy_rain,workday,50,52,44,0.846154,38,32,0.842105,0,0,0,93,93,0,1.0,2,47,40,4,0.021505,0.505376,0.430108,0.043011,18,4,14,14,14,14,14,0,9,8,0,6,7.119,8.347,25,0.625,28.59,10.354,67.592,5.348,42,0.823529,21,7,0.333333,32,0.695652,590.706,47,30,77,4,594.706,0.806816,14.537,47,46,8,8,0,"{""Z1"": 2, ""Z2"": 0, ""Z3"": 2, ""Z4"": 0, ""Z5"": 0, ""Z6"": 0, ""Z7"": 2, ""Z8"": 0, ""Z9"": 2}",True,True,44,1,51,0,0,2261.936,0.0,0.0,0.0,0.0,0.0,1621.752801,989.897,8,17.856556,20.0,14,0,0,True,False
53,P0_no_policy,fleet_6,W0,normal,workday,50,52,45,0.865385,38,31,0.815789,0,0,0,95,95,0,1.0,2,55,33,5,0.021053,0.578947,0.347368,0.052632,11,5,6,6,6,6,6,0,8,7,0,7,6.722,7.791,19,0.575758,24.377,11.8,62.998,4.827,44,0.846154,28,8,0.285714,28,0.583333,614.706,55,21,76,5,619.706,0.738466,16.99,47,48,6,6,0,"{""Z1"": 1, ""Z2"": 0, ""Z3"": 2, ""Z4"": 0, ""Z5"": 0, ""Z6"": 1, ""Z7"": 1, ""Z8"": 0, ""Z9"": 1}",True,True,0,0,52,0,0,2027.044,0.0,0.0,0.0,0.0,0.0,0.0,805.794,6,16.272727,20.0,5,1,0,True,False
53,P0_no_policy,fleet_6,W2,heavy_rain,workday,50,52,44,0.846154,38,32,0.842105,0,0,0,93,93,0,1.0,2,47,40,4,0.021505,0.505376,0.430108,0.043011,18,4,14,14,14,14,14,0,9,8,0,6,7.119,8.347,25,0.625,28.59,10.354,67.592,5.348,42,0.823529,21,7,0.333333,32,0.695652,590.706,47,30,77,4,594.706,0.806816,14.537,47,46,6,6,0,"{""Z1"": 1, ""Z2"": 0, ""Z3"": 2, ""Z4"": 0, ""Z5"": 0, ""Z6"": 0, ""Z7"": 1, ""Z8"": 0, ""Z9"": 2}",True,True,44,1,51,0,0,2261.936,0.0,0.0,0.0,0.0,0.0,1621.752801,989.897,6,17.856556,20.0,14,0,0,True,False
54,P0_no_policy,fleet_16,W0,normal,workday,50,52,50,0.961538,37,35,0.945946,0,0,0,99,99,0,1.0,1,47,46,5,0.010101,0.474747,0.464646,0.050505,5,5,0,0,0,0,0,0,2,2,0,2,7.348,7.583,20,0.434783,26.599,10.0,62.024,4.918,50,0.961538,27,1,0.037037,44,0.709677,726.706,47,22,69,5,731.706,0.680955,17.762,37,62,16,16,0,"{""Z1"": 3, ""Z2"": 2, ""Z3"": 2, ""Z4"": 1, ""Z5"": 1, ""Z6"": 2, ""Z7"": 3, ""Z8"": 1, ""Z9"": 1}",True,True,0,0,52,0,0,2090.679,0.0,0.0,0.0,0.0,0.0,0.0,744.179,16,10.0002,10.667,0,0,0,False,False
54,P0_no_policy,fleet_16,W2,heavy_rain,workday,50,52,50,0.961538,37,36,0.972973,1,0,0,90,90,0,1.0,0,32,46,12,0.0,0.355556,0.511111,0.133333,13,12,1,1,1,1,1,0,1,1,0,1,7.794,7.759,20,0.434783,29.318,11.242,62.204,7.93,46,0.978723,18,0,0.0,43,0.767857,738.706,32,23,55,12,750.706,0.727215,17.754,34,56,16,16,0,"{""Z1"": 3, ""Z2"": 3, ""Z3"": 2, ""Z4"": 1, ""Z5"": 1, ""Z6"": 3, ""Z7"": 3, ""Z8"": 0, ""Z9"": 0}",True,True,39,4,47,0,0,1897.253,0.0,0.0,0.0,0.0,0.0,1128.873092,761.253,16,11.915846,21.239,1,0,0,True,False
54,P0_no_policy,fleet_12,W0,normal,workday,50,52,50,0.961538,37,35,0.945946,0,0,0,99,99,0,1.0,1,47,46,5,0.010101,0.474747,0.464646,0.050505,5,5,0,0,0,0,0,0,2,2,0,2,7.348,7.583,20,0.434783,26.599,10.0,62.024,4.918,50,0.961538,27,1,0.037037,44,0.709677,726.706,47,22,69,5,731.706,0.680955,17.762,37,62,12,12,0,"{""Z1"": 2, ""Z2"": 2, ""Z3"": 1, ""Z4"": 1, ""Z5"": 1, ""Z6"": 1, ""Z7"": 2, ""Z8"": 1, ""Z9"": 1}",True,True,0,0,52,0,0,2090.679,0.0,0.0,0.0,0.0,0.0,0.0,744.179,12,10.0002,10.667,0,0,0,False,False
54,P0_no_policy,fleet_12,W2,heavy_rain,workday,50,52,50,0.961538,37,36,0.972973,1,0,0,90,90,0,1.0,0,32,46,12,0.0,0.355556,0.511111,0.133333,13,12,1,1,1,1,1,0,1,1,0,1,7.794,7.759,20,0.434783,29.318,11.242,62.204,7.93,46,0.978723,18,0,0.0,43,0.767857,738.706,32,23,55,12,750.706,0.727215,17.754,34,56,12,12,0,"{""Z1"": 2, ""Z2"": 3, ""Z3"": 1, ""Z4"": 1, ""Z5"": 1, ""Z6"": 2, ""Z7"": 2, ""Z8"": 0, ""Z9"": 0}",True,True,39,4,47,0,0,1897.253,0.0,0.0,0.0,0.0,0.0,1128.873092,761.253,12,11.915846,21.239,1,0,0,True,False
54,P0_no_policy,fleet_10,W0,normal,workday,50,52,50,0.961538,37,35,0.945946,0,0,0,99,99,0,1.0,2,47,46,4,0.020202,0.474747,0.464646,0.040404,5,4,1,1,1,1,1,0,2,2,0,2,7.348,7.583,20,0.434783,26.599,10.0,62.487,4.758,50,0.961538,27,1,0.037037,44,0.709677,726.706,47,22,69,4,730.706,0.679895,17.565,37,62,10,10,0,"{""Z1"": 2, ""Z2"": 1, ""Z3"": 1, ""Z4"": 1, ""Z5"": 0, ""Z6"": 1, ""Z7"": 2, ""Z8"": 1, ""Z9"": 1}",True,True,0,0,52,0,0,2146.504,0.0,0.0,0.0,0.0,0.0,0.0,754.179,10,12.0002,20.0,1,0,0,True,False
54,P0_no_policy,fleet_10,W2,heavy_rain,workday,50,52,49,0.942308,37,35,0.945946,1,0,0,90,90,0,1.0,0,34,46,10,0.0,0.377778,0.511111,0.111111,13,10,3,3,3,3,3,0,2,2,0,2,7.672,7.759,20,0.434783,29.317,11.157,63.145,7.45,45,0.957447,19,1,0.052632,43,0.767857,738.706,34,23,57,10,748.706,0.732518,17.299,34,56,10,10,0,"{""Z1"": 2, ""Z2"": 2, ""Z3"": 1, ""Z4"": 1, ""Z5"": 0, ""Z6"": 2, ""Z7"": 2, ""Z8"": 0, ""Z9"": 0}",True,True,39,4,47,0,0,1949.348,0.0,0.0,0.0,0.0,0.0,1180.968092,789.348,10,13.197923,21.239,3,0,0,True,False
54,P0_no_policy,fleet_8,W0,normal,workday,50,52,50,0.961538,37,35,0.945946,0,0,0,99,99,0,1.0,2,49,46,2,0.020202,0.494949,0.464646,0.020202,5,2,3,3,3,3,3,0,2,2,0,2,7.689,7.583,20,0.434783,26.599,9.334,63.603,4.084,50,0.961538,27,1,0.037037,44,0.709677,726.706,49,22,71,2,728.706,0.679851,16.977,37,62,8,8,0,"{""Z1"": 2, ""Z2"": 1, ""Z3"": 1, ""Z4"": 0, ""Z5"": 0, ""Z6"": 1, ""Z7"": 2, ""Z8"": 0, ""Z9"": 1}",True,True,0,0,52,0,0,2220.598,0.0,0.0,0.0,0.0,0.0,0.0,804.273,8,15.7334,20.0,3,0,0,True,False
54,P0_no_policy,fleet_8,W2,heavy_rain,workday,50,52,47,0.903846,37,33,0.891892,1,0,0,90,90,0,1.0,0,37,46,7,0.0,0.411111,0.511111,0.077778,13,7,6,6,6,6,6,0,4,4,0,4,7.845,7.759,20,0.434783,29.317,11.082,64.859,6.248,43,0.914894,21,3,0.142857,43,0.767857,738.706,37,23,60,7,745.706,0.724517,16.601,34,56,8,8,0,"{""Z1"": 2, ""Z2"": 1, ""Z3"": 1, ""Z4"": 0, ""Z5"": 0, ""Z6"": 2, ""Z7"": 2, ""Z8"": 0, ""Z9"": 0}",True,True,39,4,47,0,0,2038.776,0.0,0.0,0.0,0.0,0.0,1212.065555,844.776,8,15.197923,21.239,6,0,0,True,False
54,P0_no_policy,fleet_6,W0,normal,workday,50,52,50,0.961538,37,35,0.945946,0,0,0,99,99,0,1.0,2,49,46,2,0.020202,0.494949,0.464646,0.020202,5,2,3,3,3,3,3,0,2,2,0,2,7.689,7.583,20,0.434783,26.599,9.334,63.603,4.084,50,0.961538,27,1,0.037037,44,0.709677,726.706,49,22,71,2,728.706,0.679851,16.977,37,62,6,6,0,"{""Z1"": 1, ""Z2"": 1, ""Z3"": 1, ""Z4"": 0, ""Z5"": 0, ""Z6"": 1, ""Z7"": 1, ""Z8"": 0, ""Z9"": 1}",True,True,0,0,52,0,0,2220.598,0.0,0.0,0.0,0.0,0.0,0.0,804.273,6,15.7334,20.0,3,0,0,True,False
54,P0_no_policy,fleet_6,W2,heavy_rain,workday,50,52,47,0.903846,37,33,0.891892,1,0,0,90,90,0,1.0,0,37,46,7,0.0,0.411111,0.511111,0.077778,13,7,6,6,6,6,6,0,4,4,0,4,7.845,7.759,20,0.434783,29.317,11.082,64.859,6.248,43,0.914894,21,3,0.142857,43,0.767857,738.706,37,23,60,7,745.706,0.724517,16.601,34,56,6,6,0,"{""Z1"": 1, ""Z2"": 1, ""Z3"": 1, ""Z4"": 0, ""Z5"": 0, ""Z6"": 2, ""Z7"": 1, ""Z8"": 0, ""Z9"": 0}",True,True,39,4,47,0,0,2038.776,0.0,0.0,0.0,0.0,0.0,1212.065555,844.776,6,15.197923,21.239,6,0,0,True,False
55,P0_no_policy,fleet_16,W0,normal,workday,50,56,54,0.964286,38,36,0.947368,0,0,0,105,105,0,1.0,0,61,42,2,0.0,0.580952,0.4,0.019048,2,2,0,0,0,0,0,0,0,2,0,2,6.89,7.583,20,0.47619,27.402,9.129,63.086,4.043,56,1.0,32,0,0.0,33,0.578947,766.941,61,23,84,2,768.941,0.705426,16.626,48,57,16,16,0,"{""Z1"": 3, ""Z2"": 2, ""Z3"": 2, ""Z4"": 1, ""Z5"": 1, ""Z6"": 2, ""Z7"": 3, ""Z8"": 1, ""Z9"": 1}",True,True,0,0,56,0,0,2123.039,0.0,0.0,0.0,0.0,0.0,0.0,757.039,16,9.129,10.667,0,0,0,False,False
55,P0_no_policy,fleet_16,W2,heavy_rain,workday,50,56,52,0.928571,38,36,0.947368,2,0,0,101,101,0,1.0,0,41,53,7,0.0,0.405941,0.524752,0.069307,7,7,0,0,0,0,0,0,1,2,0,2,7.833,8.169,26,0.490566,33.514,10.481,64.171,5.982,52,0.981132,22,0,0.0,39,0.709091,730.941,41,35,76,7,737.941,0.731694,16.163,46,55,16,16,0,"{""Z1"": 1, ""Z2"": 3, ""Z3"": 3, ""Z4"": 1, ""Z5"": 1, ""Z6"": 2, ""Z7"": 3, ""Z8"": 1, ""Z9"": 1}",True,True,35,1,53,0,0,2201.486,0.0,0.0,0.0,0.0,0.0,1469.006,827.486,16,10.481,13.333,0,0,0,False,False
55,P0_no_policy,fleet_12,W0,normal,workday,50,56,54,0.964286,38,36,0.947368,0,0,0,105,105,0,1.0,0,61,42,2,0.0,0.580952,0.4,0.019048,2,2,0,0,0,0,0,0,0,2,0,2,6.89,7.583,20,0.47619,27.402,9.129,63.086,4.043,56,1.0,32,0,0.0,33,0.578947,766.941,61,23,84,2,768.941,0.705426,16.626,48,57,12,12,0,"{""Z1"": 2, ""Z2"": 2, ""Z3"": 1, ""Z4"": 1, ""Z5"": 1, ""Z6"": 1, ""Z7"": 2, ""Z8"": 1, ""Z9"": 1}",True,True,0,0,56,0,0,2123.039,0.0,0.0,0.0,0.0,0.0,0.0,757.039,12,9.129,10.667,0,0,0,False,False
55,P0_no_policy,fleet_12,W2,heavy_rain,workday,50,56,52,0.928571,38,36,0.947368,2,0,0,101,101,0,1.0,0,41,53,7,0.0,0.405941,0.524752,0.069307,7,7,0,0,0,0,0,0,1,2,0,2,7.833,8.169,26,0.490566,33.514,10.481,64.171,5.982,52,0.981132,22,0,0.0,39,0.709091,730.941,41,35,76,7,737.941,0.731694,16.163,46,55,12,12,0,"{""Z1"": 0, ""Z2"": 3, ""Z3"": 2, ""Z4"": 1, ""Z5"": 1, ""Z6"": 1, ""Z7"": 2, ""Z8"": 1, ""Z9"": 1}",True,True,35,1,53,0,0,2201.486,0.0,0.0,0.0,0.0,0.0,1469.006,827.486,12,10.481,13.333,0,0,0,False,False
55,P0_no_policy,fleet_10,W0,normal,workday,50,56,54,0.964286,38,36,0.947368,0,0,0,105,105,0,1.0,0,61,42,2,0.0,0.580952,0.4,0.019048,2,2,0,0,0,0,0,0,0,2,0,2,6.89,7.583,20,0.47619,27.402,9.129,63.086,4.043,56,1.0,32,0,0.0,33,0.578947,766.941,61,23,84,2,768.941,0.705426,16.626,48,57,10,10,0,"{""Z1"": 2, ""Z2"": 1, ""Z3"": 1, ""Z4"": 1, ""Z5"": 0, ""Z6"": 1, ""Z7"": 2, ""Z8"": 1, ""Z9"": 1}",True,True,0,0,56,0,0,2123.039,0.0,0.0,0.0,0.0,0.0,0.0,757.039,10,9.129,10.667,0,0,0,False,False
55,P0_no_policy,fleet_10,W2,heavy_rain,workday,50,56,52,0.928571,38,36,0.947368,2,0,0,101,101,0,1.0,0,41,53,7,0.0,0.405941,0.524752,0.069307,7,7,0,0,0,0,0,0,1,2,0,2,7.833,8.169,26,0.490566,33.514,10.481,64.171,5.982,52,0.981132,22,0,0.0,39,0.709091,730.941,41,35,76,7,737.941,0.731694,16.163,46,55,10,10,0,"{""Z1"": 0, ""Z2"": 2, ""Z3"": 2, ""Z4"": 1, ""Z5"": 0, ""Z6"": 1, ""Z7"": 2, ""Z8"": 1, ""Z9"": 1}",True,True,35,1,53,0,0,2201.486,0.0,0.0,0.0,0.0,0.0,1469.006,827.486,10,10.481,13.333,0,0,0,False,False
55,P0_no_policy,fleet_8,W0,normal,workday,50,56,54,0.964286,38,36,0.947368,0,0,0,105,105,0,1.0,0,61,42,2,0.0,0.580952,0.4,0.019048,2,2,0,0,0,0,0,0,0,2,0,2,6.89,7.583,20,0.47619,27.402,9.129,63.086,4.043,56,1.0,32,0,0.0,33,0.578947,766.941,61,23,84,2,768.941,0.705426,16.626,48,57,8,8,0,"{""Z1"": 2, ""Z2"": 1, ""Z3"": 1, ""Z4"": 0, ""Z5"": 0, ""Z6"": 1, ""Z7"": 2, ""Z8"": 0, ""Z9"": 1}",True,True,0,0,56,0,0,2123.039,0.0,0.0,0.0,0.0,0.0,0.0,757.039,8,9.129,10.667,0,0,0,False,False
55,P0_no_policy,fleet_8,W2,heavy_rain,workday,50,56,52,0.928571,38,36,0.947368,2,0,0,101,101,0,1.0,0,41,53,7,0.0,0.405941,0.524752,0.069307,7,7,0,0,0,0,0,0,1,2,0,2,7.833,8.169,26,0.490566,33.514,10.481,64.171,5.982,52,0.981132,22,0,0.0,39,0.709091,730.941,41,35,76,7,737.941,0.731694,16.163,46,55,8,8,0,"{""Z1"": 0, ""Z2"": 2, ""Z3"": 2, ""Z4"": 0, ""Z5"": 0, ""Z6"": 1, ""Z7"": 2, ""Z8"": 0, ""Z9"": 1}",True,True,35,1,53,0,0,2201.486,0.0,0.0,0.0,0.0,0.0,1469.006,827.486,8,10.481,13.333,0,0,0,False,False
55,P0_no_policy,fleet_6,W0,normal,workday,50,56,54,0.964286,38,36,0.947368,0,0,0,105,105,0,1.0,0,61,42,2,0.0,0.580952,0.4,0.019048,2,2,0,0,0,0,0,0,0,2,0,2,6.89,7.583,20,0.47619,27.402,9.129,63.086,4.043,56,1.0,32,0,0.0,33,0.578947,766.941,61,23,84,2,768.941,0.705426,16.626,48,57,6,6,0,"{""Z1"": 1, ""Z2"": 1, ""Z3"": 1, ""Z4"": 0, ""Z5"": 0, ""Z6"": 1, ""Z7"": 1, ""Z8"": 0, ""Z9"": 1}",True,True,0,0,56,0,0,2123.039,0.0,0.0,0.0,0.0,0.0,0.0,757.039,6,9.129,10.667,0,0,0,False,False
55,P0_no_policy,fleet_6,W2,heavy_rain,workday,50,56,51,0.910714,38,36,0.947368,2,0,0,101,101,0,1.0,0,43,54,4,0.0,0.425743,0.534653,0.039604,7,4,3,3,3,3,3,0,3,3,0,2,7.683,8.077,26,0.481481,33.512,10.652,65.202,5.26,50,0.943396,23,1,0.043478,39,0.709091,730.941,43,35,78,4,734.941,0.717134,15.628,46,55,6,6,0,"{""Z1"": 0, ""Z2"": 2, ""Z3"": 1, ""Z4"": 0, ""Z5"": 0, ""Z6"": 1, ""Z7"": 1, ""Z8"": 0, ""Z9"": 1}",True,True,35,1,53,0,0,2275.128,0.0,0.0,0.0,0.0,0.0,1530.648,869.128,6,14.658429,20.0,2,1,0,True,False
56,P0_no_policy,fleet_16,W0,normal,workday,50,53,52,0.981132,39,38,0.974359,0,0,0,97,97,0,1.0,1,60,30,6,0.010309,0.618557,0.309278,0.061856,6,6,0,0,0,0,0,0,1,1,0,1,6.313,7.231,12,0.4,28.314,11.056,63.311,5.093,52,0.981132,33,1,0.030303,24,0.444444,678.706,60,14,74,6,684.706,0.77703,16.92,43,54,16,16,0,"{""Z1"": 2, ""Z2"": 2, ""Z3"": 3, ""Z4"": 1, ""Z5"": 0, ""Z6"": 2, ""Z7"": 4, ""Z8"": 1, ""Z9"": 1}",True,True,0,0,53,0,0,1836.614,0.0,0.0,0.0,0.0,0.0,0.0,662.052,16,11.055667,14.667,0,0,0,False,False
56,P0_no_policy,fleet_16,W2,heavy_rain,workday,50,53,53,1.0,39,39,1.0,0,0,0,94,94,0,1.0,1,37,42,14,0.010638,0.393617,0.446809,0.148936,14,14,0,0,0,0,0,0,1,0,0,0,6.891,8.263,22,0.52381,30.285,12.503,64.353,8.388,50,0.980392,19,0,0.0,35,0.673077,678.706,37,26,63,14,692.706,0.885194,16.296,42,52,16,16,0,"{""Z1"": 2, ""Z2"": 1, ""Z3"": 4, ""Z4"": 1, ""Z5"": 0, ""Z6"": 3, ""Z7"": 4, ""Z8"": 1, ""Z9"": 0}",True,True,46,2,51,0,0,1949.247,0.0,0.0,0.0,0.0,0.0,1349.673473,777.067,16,12.50297,27.903584,0,0,0,False,False
56,P0_no_policy,fleet_12,W0,normal,workday,50,53,52,0.981132,39,38,0.974359,0,0,0,97,97,0,1.0,1,60,30,6,0.010309,0.618557,0.309278,0.061856,6,6,0,0,0,0,0,0,1,1,0,1,6.313,7.231,12,0.4,28.314,11.056,63.311,5.093,52,0.981132,33,1,0.030303,24,0.444444,678.706,60,14,74,6,684.706,0.77703,16.92,43,54,12,12,0,"{""Z1"": 1, ""Z2"": 2, ""Z3"": 2, ""Z4"": 1, ""Z5"": 0, ""Z6"": 1, ""Z7"": 3, ""Z8"": 1, ""Z9"": 1}",True,True,0,0,53,0,0,1836.614,0.0,0.0,0.0,0.0,0.0,0.0,662.052,12,11.055667,14.667,0,0,0,False,False
56,P0_no_policy,fleet_12,W2,heavy_rain,workday,50,53,52,0.981132,39,38,0.974359,0,0,0,94,94,0,1.0,1,38,42,13,0.010638,0.404255,0.446809,0.138298,14,13,1,1,1,1,1,0,2,1,0,1,6.86,8.263,22,0.52381,30.284,12.44,64.768,8.175,49,0.960784,20,1,0.05,35,0.673077,678.706,38,26,64,13,691.706,0.885105,16.104,42,52,12,12,0,"{""Z1"": 1, ""Z2"": 1, ""Z3"": 3, ""Z4"": 1, ""Z5"": 0, ""Z6"": 2, ""Z7"": 3, ""Z8"": 1, ""Z9"": 0}",True,True,46,2,51,0,0,1973.633,0.0,0.0,0.0,0.0,0.0,1374.059473,789.453,12,12.97954,27.908557,0,1,0,True,False
56,P0_no_policy,fleet_10,W0,normal,workday,50,53,52,0.981132,39,38,0.974359,0,0,0,97,97,0,1.0,1,60,31,5,0.010309,0.618557,0.319588,0.051546,6,5,1,1,1,1,1,0,1,1,0,1,6.313,7.277,13,0.419355,27.622,10.333,63.679,4.628,52,0.981132,33,1,0.030303,25,0.462963,678.706,60,15,75,5,683.706,0.774395,16.754,43,54,10,10,0,"{""Z1"": 1, ""Z2"": 1, ""Z3"": 2, ""Z4"": 1, ""Z5"": 0, ""Z6"": 1, ""Z7"": 2, ""Z8"": 1, ""Z9"": 1}",True,True,0,0,53,0,0,1870.587,0.0,0.0,0.0,0.0,0.0,0.0,676.025,10,11.9445,20.0,1,0,0,True,False
56,P0_no_policy,fleet_10,W2,heavy_rain,workday,50,53,52,0.981132,39,38,0.974359,0,0,0,94,94,0,1.0,1,38,43,12,0.010638,0.404255,0.457447,0.12766,14,12,2,2,2,2,2,0,2,1,0,1,6.86,8.272,23,0.534884,29.867,12.254,65.06,7.695,49,0.960784,20,1,0.05,36,0.692308,678.706,38,27,65,12,690.706,0.880532,15.986,42,52,10,10,0,"{""Z1"": 1, ""Z2"": 0, ""Z3"": 3, ""Z4"": 1, ""Z5"": 0, ""Z6"": 2, ""Z7"": 2, ""Z8"": 1, ""Z9"": 0}",True,True,46,2,51,0,0,2007.606,0.0,0.0,0.0,0.0,0.0,1395.232473,803.426,10,13.360468,27.908557,1,1,0,True,False
56,P0_no_policy,fleet_8,W0,normal,workday,50,53,51,0.962264,39,37,0.948718,0,0,0,97,97,0,1.0,1,62,31,3,0.010309,0.639175,0.319588,0.030928,6,3,3,3,3,3,3,0,2,2,0,2,6.305,7.277,13,0.419355,27.622,10.778,64.641,4.038,51,0.962264,34,2,0.058824,25,0.462963,678.706,62,15,77,3,681.706,0.777421,16.362,43,54,8,8,0,"{""Z1"": 1, ""Z2"": 1, ""Z3"": 2, ""Z4"": 0, ""Z5"": 0, ""Z6"": 1, ""Z7"": 2, ""Z8"": 0, ""Z9"": 1}",True,True,0,0,53,0,0,1927.397,0.0,0.0,0.0,0.0,0.0,0.0,708.835,8,15.389,20.0,3,0,0,True,False
56,P0_no_policy,fleet_8,W2,heavy_rain,workday,50,53,51,0.962264,39,37,0.948718,0,0,0,94,94,0,1.0,1,40,43,10,0.010638,0.425532,0.457447,0.106383,14,10,4,4,4,4,4,0,3,2,0,2,6.821,8.272,23,0.534884,29.867,12.771,66.168,7.087,48,0.941176,21,2,0.095238,36,0.692308,678.706,40,27,67,10,688.706,0.885186,15.58,42,52,8,8,0,"{""Z1"": 1, ""Z2"": 0, ""Z3"": 3, ""Z4"": 0, ""Z5"": 0, ""Z6"": 2, ""Z7"": 2, ""Z8"": 0, ""Z9"": 0}",True,True,46,2,51,0,0,2064.416,0.0,0.0,0.0,0.0,0.0,1452.042473,836.236,8,14.836683,27.908557,3,1,0,True,False
56,P0_no_policy,fleet_6,W0,normal,workday,50,53,51,0.962264,39,37,0.948718,0,0,0,97,97,0,1.0,1,62,31,3,0.010309,0.639175,0.319588,0.030928,6,3,3,3,3,3,3,0,2,2,0,2,6.305,7.277,13,0.419355,27.622,10.778,64.641,4.038,51,0.962264,34,2,0.058824,25,0.462963,678.706,62,15,77,3,681.706,0.777421,16.362,43,54,6,6,0,"{""Z1"": 0, ""Z2"": 1, ""Z3"": 2, ""Z4"": 0, ""Z5"": 0, ""Z6"": 1, ""Z7"": 1, ""Z8"": 0, ""Z9"": 1}",True,True,0,0,53,0,0,1927.397,0.0,0.0,0.0,0.0,0.0,0.0,708.835,6,15.389,20.0,3,0,0,True,False
56,P0_no_policy,fleet_6,W2,heavy_rain,workday,50,53,51,0.962264,39,37,0.948718,0,0,0,94,94,0,1.0,1,41,43,9,0.010638,0.43617,0.457447,0.095745,14,9,5,5,5,5,5,0,3,2,0,2,6.772,8.272,23,0.534884,29.867,13.302,66.5,6.957,48,0.941176,21,2,0.095238,36,0.692308,678.706,41,27,68,9,687.706,0.885134,15.378,42,52,6,6,0,"{""Z1"": 0, ""Z2"": 0, ""Z3"": 3, ""Z4"": 0, ""Z5"": 0, ""Z6"": 2, ""Z7"": 1, ""Z8"": 0, ""Z9"": 0}",True,True,46,2,51,0,0,2089.216,0.0,0.0,0.0,0.0,0.0,1476.842473,853.036,6,15.693826,27.908557,4,1,0,True,False
