event_sequence,decision_sequence,agent_id,leg_id,mode,flow_contribution_pcu_per_hour,shared_state_key,departure_time,time_bin_start,base_flow_pcu_per_hour,endogenous_flow_before,endogenous_flow_after,total_flow_before,total_flow_after,state_version_after,global_version_after
1,6,727,727-2026-07-07-L01,ride_hailing,6.0,nine_zone_representative|all|2026-07-07T06:00,2026-07-07 06:03:10.980000,2026-07-07 06:00:00,24.0,0.0,6.0,24.0,30.0,1,1
2,9,299,299-2026-07-07-L01,ride_hailing,6.0,nine_zone_representative|all|2026-07-07T06:00,2026-07-07 06:05:04.260000,2026-07-07 06:00:00,24.0,6.0,12.0,30.0,36.0,2,2
3,12,252,252-2026-07-07-L01,ride_hailing,6.0,nine_zone_representative|all|2026-07-07T06:00,2026-07-07 06:11:14.940000,2026-07-07 06:00:00,24.0,12.0,18.0,36.0,42.0,3,3
4,14,530,530-2026-07-07-L01,ride_hailing,6.0,nine_zone_representative|all|2026-07-07T06:00,2026-07-07 06:14:05.160000,2026-07-07 06:00:00,24.0,18.0,24.0,42.0,48.0,4,4
5,15,189,189-2026-07-07-L01,ride_hailing,6.0,nine_zone_representative|all|2026-07-07T06:00,2026-07-07 06:15:45.900000,2026-07-07 06:00:00,24.0,24.0,30.0,48.0,54.0,5,5
6,16,297,297-2026-07-07-L01,ride_hailing,6.0,nine_zone_representative|all|2026-07-07T06:00,2026-07-07 06:15:45.900000,2026-07-07 06:00:00,24.0,30.0,36.0,54.0,60.0,6,6
7,17,194,194-2026-07-07-L01,ride_hailing,6.0,nine_zone_representative|all|2026-07-07T06:00,2026-07-07 06:17:04.080000,2026-07-07 06:00:00,24.0,36.0,42.0,60.0,66.0,7,7
8,18,12,12-2026-07-07-L01,ride_hailing,6.0,nine_zone_representative|all|2026-07-07T06:00,2026-07-07 06:17:38.880000,2026-07-07 06:00:00,24.0,42.0,48.0,66.0,72.0,8,8
9,20,673,673-2026-07-07-L01,ride_hailing,6.0,nine_zone_representative|all|2026-07-07T06:00,2026-07-07 06:17:47.220000,2026-07-07 06:00:00,24.0,48.0,54.0,72.0,78.0,9,9
10,22,120,120-2026-07-07-L01,ride_hailing,6.0,nine_zone_representative|all|2026-07-07T06:00,2026-07-07 06:22:11.880000,2026-07-07 06:00:00,24.0,54.0,60.0,78.0,84.0,10,10
11,25,651,651-2026-07-07-L01,ride_hailing,6.0,nine_zone_representative|all|2026-07-07T06:00,2026-07-07 06:26:58.320000,2026-07-07 06:00:00,24.0,60.0,66.0,84.0,90.0,11,11
12,26,472,472-2026-07-07-L01,ride_hailing,6.0,nine_zone_representative|all|2026-07-07T06:00,2026-07-07 06:26:58.320000,2026-07-07 06:00:00,24.0,66.0,72.0,90.0,96.0,12,12
13,28,459,459-2026-07-07-L01,ride_hailing,6.0,nine_zone_representative|all|2026-07-07T06:00,2026-07-07 06:28:59.700000,2026-07-07 06:00:00,24.0,72.0,78.0,96.0,102.0,13,13
14,32,279,279-2026-07-07-L01,ride_hailing,6.0,nine_zone_representative|all|2026-07-07T06:30,2026-07-07 06:30:00,2026-07-07 06:30:00,24.0,0.0,6.0,24.0,30.0,1,14
15,44,94,94-2026-07-07-L01,ride_hailing,6.0,nine_zone_representative|all|2026-07-07T06:30,2026-07-07 06:35:49.260000,2026-07-07 06:30:00,24.0,6.0,12.0,30.0,36.0,2,15
16,49,296,296-2026-07-07-L01,ride_hailing,6.0,nine_zone_representative|all|2026-07-07T06:30,2026-07-07 06:37:04.740000,2026-07-07 06:30:00,24.0,12.0,18.0,36.0,42.0,3,16
17,51,379,379-2026-07-07-L01,ride_hailing,6.0,nine_zone_representative|all|2026-07-07T06:30,2026-07-07 06:38:30.420000,2026-07-07 06:30:00,24.0,18.0,24.0,42.0,48.0,4,17
18,53,617,617-2026-07-07-L01,ride_hailing,6.0,nine_zone_representative|all|2026-07-07T06:30,2026-07-07 06:38:48.960000,2026-07-07 06:30:00,24.0,24.0,30.0,48.0,54.0,5,18
19,55,137,137-2026-07-07-L01,ride_hailing,6.0,nine_zone_representative|all|2026-07-07T06:30,2026-07-07 06:39:19.440000,2026-07-07 06:30:00,24.0,30.0,36.0,54.0,60.0,6,19
20,57,426,426-2026-07-07-L01,ride_hailing,6.0,nine_zone_representative|all|2026-07-07T06:30,2026-07-07 06:39:31.440000,2026-07-07 06:30:00,24.0,36.0,42.0,60.0,66.0,7,20
21,65,564,564-2026-07-07-L01,ride_hailing,6.0,nine_zone_representative|all|2026-07-07T06:30,2026-07-07 06:41:36.600000,2026-07-07 06:30:00,24.0,42.0,48.0,66.0,72.0,8,21
22,74,135,135-2026-07-07-L01,ride_hailing,6.0,nine_zone_representative|all|2026-07-07T06:30,2026-07-07 06:45:16.920000,2026-07-07 06:30:00,24.0,48.0,54.0,72.0,78.0,9,22
23,87,456,456-2026-07-07-L01,ride_hailing,6.0,nine_zone_representative|all|2026-07-07T06:30,2026-07-07 06:52:02.700000,2026-07-07 06:30:00,24.0,54.0,60.0,78.0,84.0,10,23
24,88,90,90-2026-07-07-L01,ride_hailing,6.0,nine_zone_representative|all|2026-07-07T06:30,2026-07-07 06:52:02.700000,2026-07-07 06:30:00,24.0,60.0,66.0,84.0,90.0,11,24
25,89,35,35-2026-07-07-L01,ride_hailing,6.0,nine_zone_representative|all|2026-07-07T06:30,2026-07-07 06:52:02.700000,2026-07-07 06:30:00,24.0,66.0,72.0,90.0,96.0,12,25
26,96,358,358-2026-07-07-L01,ride_hailing,6.0,nine_zone_representative|all|2026-07-07T06:30,2026-07-07 06:56:19.140000,2026-07-07 06:30:00,24.0,72.0,78.0,96.0,102.0,13,26
27,97,408,408-2026-07-07-L01,ride_hailing,6.0,nine_zone_representative|all|2026-07-07T06:30,2026-07-07 06:56:19.140000,2026-07-07 06:30:00,24.0,78.0,84.0,102.0,108.0,14,27
28,103,437,437-2026-07-07-L01,ride_hailing,6.0,nine_zone_representative|all|2026-07-07T06:30,2026-07-07 06:56:56.640000,2026-07-07 06:30:00,24.0,84.0,90.0,108.0,114.0,15,28
29,106,56,56-2026-07-07-L01,ride_hailing,6.0,nine_zone_representative|all|2026-07-07T06:30,2026-07-07 06:56:56.640000,2026-07-07 06:30:00,24.0,90.0,96.0,114.0,120.0,16,29
30,108,106,106-2026-07-07-L01,ride_hailing,6.0,nine_zone_representative|all|2026-07-07T06:30,2026-07-07 06:56:56.640000,2026-07-07 06:30:00,24.0,96.0,102.0,120.0,126.0,17,30
31,119,558,558-2026-07-07-L01,ride_hailing,6.0,nine_zone_representative|all|2026-07-07T06:30,2026-07-07 06:59:49.440000,2026-07-07 06:30:00,24.0,102.0,108.0,126.0,132.0,18,31
32,123,539,539-2026-07-07-L01,ride_hailing,6.0,nine_zone_representative|all|2026-07-07T07:00,2026-07-07 07:00:00,2026-07-07 07:00:00,60.0,0.0,6.0,60.0,66.0,1,32
33,126,93,93-2026-07-07-L01,ride_hailing,6.0,nine_zone_representative|all|2026-07-07T07:00,2026-07-07 07:00:00,2026-07-07 07:00:00,60.0,6.0,12.0,66.0,72.0,2,33
34,133,585,585-2026-07-07-L01,ride_hailing,6.0,nine_zone_representative|all|2026-07-07T07:00,2026-07-07 07:02:16.440000,2026-07-07 07:00:00,60.0,12.0,18.0,72.0,78.0,3,34
35,135,464,464-2026-07-07-L01,ride_hailing,6.0,nine_zone_representative|all|2026-07-07T07:00,2026-07-07 07:02:57.780000,2026-07-07 07:00:00,60.0,18.0,24.0,78.0,84.0,4,35
36,152,257,257-2026-07-07-L01,ride_hailing,6.0,nine_zone_representative|all|2026-07-07T07:00,2026-07-07 07:09:07.560000,2026-07-07 07:00:00,60.0,24.0,30.0,84.0,90.0,5,36
37,158,663,663-2026-07-07-L01,ride_hailing,6.0,nine_zone_representative|all|2026-07-07T07:00,2026-07-07 07:09:31.800000,2026-07-07 07:00:00,60.0,30.0,36.0,90.0,96.0,6,37
38,161,139,139-2026-07-07-L01,ride_hailing,6.0,nine_zone_representative|all|2026-07-07T07:00,2026-07-07 07:11:10.440000,2026-07-07 07:00:00,60.0,36.0,42.0,96.0,102.0,7,38
39,162,449,449-2026-07-07-L01,ride_hailing,6.0,nine_zone_representative|all|2026-07-07T07:00,2026-07-07 07:11:14.640000,2026-07-07 07:00:00,60.0,42.0,48.0,102.0,108.0,8,39
40,166,584,584-2026-07-07-L01,ride_hailing,6.0,nine_zone_representative|all|2026-07-07T07:00,2026-07-07 07:13:39.600000,2026-07-07 07:00:00,60.0,48.0,54.0,108.0,114.0,9,40
41,167,134,134-2026-07-07-L01,ride_hailing,6.0,nine_zone_representative|all|2026-07-07T07:00,2026-07-07 07:13:50.220000,2026-07-07 07:00:00,60.0,54.0,60.0,114.0,120.0,10,41
42,170,723,723-2026-07-07-L01,ride_hailing,6.0,nine_zone_representative|all|2026-07-07T07:00,2026-07-07 07:14:08.640000,2026-07-07 07:00:00,60.0,60.0,66.0,120.0,126.0,11,42
43,171,378,378-2026-07-07-L01,ride_hailing,6.0,nine_zone_representative|all|2026-07-07T07:00,2026-07-07 07:14:34.260000,2026-07-07 07:00:00,60.0,66.0,72.0,126.0,132.0,12,43
44,180,268,268-2026-07-07-L01,ride_hailing,6.0,nine_zone_representative|all|2026-07-07T07:00,2026-07-07 07:17:22.800000,2026-07-07 07:00:00,60.0,72.0,78.0,132.0,138.0,13,44
45,181,205,205-2026-07-07-L01,ride_hailing,6.0,nine_zone_representative|all|2026-07-07T07:00,2026-07-07 07:18:24.180000,2026-07-07 07:00:00,60.0,78.0,84.0,138.0,144.0,14,45
46,188,368,368-2026-07-07-L01,ride_hailing,6.0,nine_zone_representative|all|2026-07-07T07:00,2026-07-07 07:19:11.880000,2026-07-07 07:00:00,60.0,84.0,90.0,144.0,150.0,15,46
47,189,862,862-2026-07-07-L01,ride_hailing,6.0,nine_zone_representative|all|2026-07-07T07:00,2026-07-07 07:20:21.060000,2026-07-07 07:00:00,60.0,90.0,96.0,150.0,156.0,16,47
48,192,49,49-2026-07-07-L01,ride_hailing,6.0,nine_zone_representative|all|2026-07-07T07:00,2026-07-07 07:22:34.740000,2026-07-07 07:00:00,60.0,96.0,102.0,156.0,162.0,17,48
49,194,130,130-2026-07-07-L01,ride_hailing,6.0,nine_zone_representative|all|2026-07-07T07:00,2026-07-07 07:23:07.920000,2026-07-07 07:00:00,60.0,102.0,108.0,162.0,168.0,18,49
50,199,168,168-2026-07-07-L01,ride_hailing,6.0,nine_zone_representative|all|2026-07-07T07:00,2026-07-07 07:25:11.880000,2026-07-07 07:00:00,60.0,108.0,114.0,168.0,174.0,19,50
51,202,423,423-2026-07-07-L01,ride_hailing,6.0,nine_zone_representative|all|2026-07-07T07:00,2026-07-07 07:26:01.020000,2026-07-07 07:00:00,60.0,114.0,120.0,174.0,180.0,20,51
52,203,117,117-2026-07-07-L01,ride_hailing,6.0,nine_zone_representative|all|2026-07-07T07:00,2026-07-07 07:27:26.640000,2026-07-07 07:00:00,60.0,120.0,126.0,180.0,186.0,21,52
53,205,38,38-2026-07-07-L01,ride_hailing,6.0,nine_zone_representative|all|2026-07-07T07:00,2026-07-07 07:27:41.040000,2026-07-07 07:00:00,60.0,126.0,132.0,186.0,192.0,22,53
54,206,332,332-2026-07-07-L01,ride_hailing,6.0,nine_zone_representative|all|2026-07-07T07:00,2026-07-07 07:27:42.960000,2026-07-07 07:00:00,60.0,132.0,138.0,192.0,198.0,23,54
55,208,710,710-2026-07-07-L01,ride_hailing,6.0,nine_zone_representative|all|2026-07-07T07:00,2026-07-07 07:28:56.940000,2026-07-07 07:00:00,60.0,138.0,144.0,198.0,204.0,24,55
56,211,144,144-2026-07-07-L01,ride_hailing,6.0,nine_zone_representative|all|2026-07-07T07:30,2026-07-07 07:30:00,2026-07-07 07:30:00,60.0,0.0,6.0,60.0,66.0,1,56
57,218,586,586-2026-07-07-L01,ride_hailing,6.0,nine_zone_representative|all|2026-07-07T07:30,2026-07-07 07:30:46.080000,2026-07-07 07:30:00,60.0,6.0,12.0,66.0,72.0,2,57
58,226,274,274-2026-07-07-L01,ride_hailing,6.0,nine_zone_representative|all|2026-07-07T07:30,2026-07-07 07:32:19.200000,2026-07-07 07:30:00,60.0,12.0,18.0,72.0,78.0,3,58
59,227,228,228-2026-07-07-L01,ride_hailing,6.0,nine_zone_representative|all|2026-07-07T07:30,2026-07-07 07:32:19.200000,2026-07-07 07:30:00,60.0,18.0,24.0,78.0,84.0,4,59
60,231,573,573-2026-07-07-L01,ride_hailing,6.0,nine_zone_representative|all|2026-07-07T07:30,2026-07-07 07:32:52.800000,2026-07-07 07:30:00,60.0,24.0,30.0,84.0,90.0,5,60
61,244,50,50-2026-07-07-L01,ride_hailing,6.0,nine_zone_representative|all|2026-07-07T07:30,2026-07-07 07:39:09,2026-07-07 07:30:00,60.0,30.0,36.0,90.0,96.0,6,61
62,245,338,338-2026-07-07-L01,ride_hailing,6.0,nine_zone_representative|all|2026-07-07T07:30,2026-07-07 07:39:10.560000,2026-07-07 07:30:00,60.0,36.0,42.0,96.0,102.0,7,62
63,256,453,453-2026-07-07-L01,ride_hailing,6.0,nine_zone_representative|all|2026-07-07T07:30,2026-07-07 07:39:37.320000,2026-07-07 07:30:00,60.0,42.0,48.0,102.0,108.0,8,63
64,259,244,244-2026-07-07-L01,ride_hailing,6.0,nine_zone_representative|all|2026-07-07T07:30,2026-07-07 07:40:48.060000,2026-07-07 07:30:00,60.0,48.0,54.0,108.0,114.0,9,64
65,263,115,115-2026-07-07-L01,ride_hailing,6.0,nine_zone_representative|all|2026-07-07T07:30,2026-07-07 07:41:27.300000,2026-07-07 07:30:00,60.0,54.0,60.0,114.0,120.0,10,65
66,266,92,92-2026-07-07-L01,ride_hailing,6.0,nine_zone_representative|all|2026-07-07T07:30,2026-07-07 07:43:00.840000,2026-07-07 07:30:00,60.0,60.0,66.0,120.0,126.0,11,66
67,269,386,386-2026-07-07-L01,ride_hailing,6.0,nine_zone_representative|all|2026-07-07T07:30,2026-07-07 07:44:00,2026-07-07 07:30:00,60.0,66.0,72.0,126.0,132.0,12,67
68,271,224,224-2026-07-07-L01,ride_hailing,6.0,nine_zone_representative|all|2026-07-07T07:30,2026-07-07 07:44:08.040000,2026-07-07 07:30:00,60.0,72.0,78.0,132.0,138.0,13,68
69,274,236,236-2026-07-07-L01,ride_hailing,6.0,nine_zone_representative|all|2026-07-07T07:30,2026-07-07 07:44:42.720000,2026-07-07 07:30:00,60.0,78.0,84.0,138.0,144.0,14,69
70,281,644,644-2026-07-07-L01,ride_hailing,6.0,nine_zone_representative|all|2026-07-07T07:30,2026-07-07 07:45:59.820000,2026-07-07 07:30:00,60.0,84.0,90.0,144.0,150.0,15,70
71,297,86,86-2026-07-07-L01,ride_hailing,6.0,nine_zone_representative|all|2026-07-07T07:30,2026-07-07 07:47:40.380000,2026-07-07 07:30:00,60.0,90.0,96.0,150.0,156.0,16,71
72,298,852,852-2026-07-07-L01,ride_hailing,6.0,nine_zone_representative|all|2026-07-07T07:30,2026-07-07 07:47:51.420000,2026-07-07 07:30:00,60.0,96.0,102.0,156.0,162.0,17,72
73,299,411,411-2026-07-07-L01,ride_hailing,6.0,nine_zone_representative|all|2026-07-07T07:30,2026-07-07 07:47:51.420000,2026-07-07 07:30:00,60.0,102.0,108.0,162.0,168.0,18,73
74,300,213,213-2026-07-07-L01,ride_hailing,6.0,nine_zone_representative|all|2026-07-07T07:30,2026-07-07 07:47:51.420000,2026-07-07 07:30:00,60.0,108.0,114.0,168.0,174.0,19,74
75,301,696,696-2026-07-07-L01,ride_hailing,6.0,nine_zone_representative|all|2026-07-07T07:30,2026-07-07 07:47:51.420000,2026-07-07 07:30:00,60.0,114.0,120.0,174.0,180.0,20,75
76,302,634,634-2026-07-07-L01,ride_hailing,6.0,nine_zone_representative|all|2026-07-07T07:30,2026-07-07 07:47:51.420000,2026-07-07 07:30:00,60.0,120.0,126.0,180.0,186.0,21,76
77,304,201,201-2026-07-07-L01,ride_hailing,6.0,nine_zone_representative|all|2026-07-07T07:30,2026-07-07 07:48:15.660000,2026-07-07 07:30:00,60.0,126.0,132.0,186.0,192.0,22,77
78,307,275,275-2026-07-07-L01,ride_hailing,6.0,nine_zone_representative|all|2026-07-07T07:30,2026-07-07 07:49:24.660000,2026-07-07 07:30:00,60.0,132.0,138.0,192.0,198.0,23,78
79,308,223,223-2026-07-07-L01,ride_hailing,6.0,nine_zone_representative|all|2026-07-07T07:30,2026-07-07 07:49:34.740000,2026-07-07 07:30:00,60.0,138.0,144.0,198.0,204.0,24,79
80,309,535,535-2026-07-07-L01,ride_hailing,6.0,nine_zone_representative|all|2026-07-07T07:30,2026-07-07 07:49:34.740000,2026-07-07 07:30:00,60.0,144.0,150.0,204.0,210.0,25,80
81,310,481,481-2026-07-07-L01,ride_hailing,6.0,nine_zone_representative|all|2026-07-07T07:30,2026-07-07 07:49:34.740000,2026-07-07 07:30:00,60.0,150.0,156.0,210.0,216.0,26,81
82,311,524,524-2026-07-07-L01,ride_hailing,6.0,nine_zone_representative|all|2026-07-07T07:30,2026-07-07 07:49:46.080000,2026-07-07 07:30:00,60.0,156.0,162.0,216.0,222.0,27,82
83,313,402,402-2026-07-07-L01,ride_hailing,6.0,nine_zone_representative|all|2026-07-07T07:30,2026-07-07 07:49:53.400000,2026-07-07 07:30:00,60.0,162.0,168.0,222.0,228.0,28,83
84,318,191,191-2026-07-07-L01,ride_hailing,6.0,nine_zone_representative|all|2026-07-07T07:30,2026-07-07 07:50:48.240000,2026-07-07 07:30:00,60.0,168.0,174.0,228.0,234.0,29,84
85,321,182,182-2026-07-07-L01,ride_hailing,6.0,nine_zone_representative|all|2026-07-07T07:30,2026-07-07 07:53:02.760000,2026-07-07 07:30:00,60.0,174.0,180.0,234.0,240.0,30,85
86,322,680,680-2026-07-07-L01,ride_hailing,6.0,nine_zone_representative|all|2026-07-07T07:30,2026-07-07 07:54:01.680000,2026-07-07 07:30:00,60.0,180.0,186.0,240.0,246.0,31,86
87,328,8,8-2026-07-07-L01,ride_hailing,6.0,nine_zone_representative|all|2026-07-07T07:30,2026-07-07 07:55:07.080000,2026-07-07 07:30:00,60.0,186.0,192.0,246.0,252.0,32,87
88,333,24,24-2026-07-07-L01,ride_hailing,6.0,nine_zone_representative|all|2026-07-07T07:30,2026-07-07 07:56:10.200000,2026-07-07 07:30:00,60.0,192.0,198.0,252.0,258.0,33,88
89,336,518,518-2026-07-07-L01,ride_hailing,6.0,nine_zone_representative|all|2026-07-07T07:30,2026-07-07 07:57:08.880000,2026-07-07 07:30:00,60.0,198.0,204.0,258.0,264.0,34,89
90,338,344,344-2026-07-07-L01,ride_hailing,6.0,nine_zone_representative|all|2026-07-07T07:30,2026-07-07 07:57:26.640000,2026-07-07 07:30:00,60.0,204.0,210.0,264.0,270.0,35,90
91,341,95,95-2026-07-07-L01,ride_hailing,6.0,nine_zone_representative|all|2026-07-07T07:30,2026-07-07 07:58:25.500000,2026-07-07 07:30:00,60.0,210.0,216.0,270.0,276.0,36,91
92,342,497,497-2026-07-07-L01,ride_hailing,6.0,nine_zone_representative|all|2026-07-07T07:30,2026-07-07 07:59:01.260000,2026-07-07 07:30:00,60.0,216.0,222.0,276.0,282.0,37,92
93,343,392,392-2026-07-07-L01,ride_hailing,6.0,nine_zone_representative|all|2026-07-07T07:30,2026-07-07 07:59:24.600000,2026-07-07 07:30:00,60.0,222.0,228.0,282.0,288.0,38,93
94,358,6,6-2026-07-07-L01,ride_hailing,6.0,nine_zone_representative|all|2026-07-07T08:00,2026-07-07 08:01:03.180000,2026-07-07 08:00:00,80.0,0.0,6.0,80.0,86.0,1,94
95,361,307,307-2026-07-07-L01,ride_hailing,6.0,nine_zone_representative|all|2026-07-07T08:00,2026-07-07 08:02:06.060000,2026-07-07 08:00:00,80.0,6.0,12.0,86.0,92.0,2,95
96,362,485,485-2026-07-07-L01,ride_hailing,6.0,nine_zone_representative|all|2026-07-07T08:00,2026-07-07 08:02:09.600000,2026-07-07 08:00:00,80.0,12.0,18.0,92.0,98.0,3,96
97,372,324,324-2026-07-07-L01,ride_hailing,6.0,nine_zone_representative|all|2026-07-07T08:00,2026-07-07 08:04:03.480000,2026-07-07 08:00:00,80.0,18.0,24.0,98.0,104.0,4,97
98,395,398,398-2026-07-07-L01,ride_hailing,6.0,nine_zone_representative|all|2026-07-07T08:00,2026-07-07 08:08:37.380000,2026-07-07 08:00:00,80.0,24.0,30.0,104.0,110.0,5,98
99,403,112,112-2026-07-07-L01,ride_hailing,6.0,nine_zone_representative|all|2026-07-07T08:00,2026-07-07 08:10:08.280000,2026-07-07 08:00:00,80.0,30.0,36.0,110.0,116.0,6,99
100,405,781,781-2026-07-07-L01,ride_hailing,6.0,nine_zone_representative|all|2026-07-07T08:00,2026-07-07 08:10:28.440000,2026-07-07 08:00:00,80.0,36.0,42.0,116.0,122.0,7,100
101,407,181,181-2026-07-07-L01,ride_hailing,6.0,nine_zone_representative|all|2026-07-07T08:00,2026-07-07 08:11:32.760000,2026-07-07 08:00:00,80.0,42.0,48.0,122.0,128.0,8,101
102,413,655,655-2026-07-07-L01,ride_hailing,6.0,nine_zone_representative|all|2026-07-07T08:00,2026-07-07 08:12:31.380000,2026-07-07 08:00:00,80.0,48.0,54.0,128.0,134.0,9,102
103,418,458,458-2026-07-07-L01,ride_hailing,6.0,nine_zone_representative|all|2026-07-07T08:00,2026-07-07 08:12:31.380000,2026-07-07 08:00:00,80.0,54.0,60.0,134.0,140.0,10,103
104,424,178,178-2026-07-07-L01,ride_hailing,6.0,nine_zone_representative|all|2026-07-07T08:00,2026-07-07 08:13:54.240000,2026-07-07 08:00:00,80.0,60.0,66.0,140.0,146.0,11,104
105,425,325,325-2026-07-07-L01,ride_hailing,6.0,nine_zone_representative|all|2026-07-07T08:00,2026-07-07 08:14:13.920000,2026-07-07 08:00:00,80.0,66.0,72.0,146.0,152.0,12,105
106,430,630,630-2026-07-07-L01,ride_hailing,6.0,nine_zone_representative|all|2026-07-07T08:00,2026-07-07 08:14:53.340000,2026-07-07 08:00:00,80.0,72.0,78.0,152.0,158.0,13,106
107,432,243,243-2026-07-07-L01,ride_hailing,6.0,nine_zone_representative|all|2026-07-07T08:00,2026-07-07 08:15:21.360000,2026-07-07 08:00:00,80.0,78.0,84.0,158.0,164.0,14,107
108,454,1,1-2026-07-07-L01,ride_hailing,6.0,nine_zone_representative|all|2026-07-07T08:00,2026-07-07 08:18:32.340000,2026-07-07 08:00:00,80.0,84.0,90.0,164.0,170.0,15,108
109,456,672,672-2026-07-07-L01,ride_hailing,6.0,nine_zone_representative|all|2026-07-07T08:00,2026-07-07 08:19:34.740000,2026-07-07 08:00:00,80.0,90.0,96.0,170.0,176.0,16,109
110,457,152,152-2026-07-07-L01,ride_hailing,6.0,nine_zone_representative|all|2026-07-07T08:00,2026-07-07 08:19:34.740000,2026-07-07 08:00:00,80.0,96.0,102.0,176.0,182.0,17,110
111,459,371,371-2026-07-07-L01,ride_hailing,6.0,nine_zone_representative|all|2026-07-07T08:00,2026-07-07 08:20:09.180000,2026-07-07 08:00:00,80.0,102.0,108.0,182.0,188.0,18,111
112,462,480,480-2026-07-07-L01,ride_hailing,6.0,nine_zone_representative|all|2026-07-07T08:00,2026-07-07 08:21:13.980000,2026-07-07 08:00:00,80.0,108.0,114.0,188.0,194.0,19,112
113,466,675,675-2026-07-07-L01,ride_hailing,6.0,nine_zone_representative|all|2026-07-07T08:00,2026-07-07 08:21:16.200000,2026-07-07 08:00:00,80.0,114.0,120.0,194.0,200.0,20,113
114,467,471,471-2026-07-07-L01,ride_hailing,6.0,nine_zone_representative|all|2026-07-07T08:00,2026-07-07 08:21:22.560000,2026-07-07 08:00:00,80.0,120.0,126.0,200.0,206.0,21,114
115,468,146,146-2026-07-07-L01,ride_hailing,6.0,nine_zone_representative|all|2026-07-07T08:00,2026-07-07 08:21:56.820000,2026-07-07 08:00:00,80.0,126.0,132.0,206.0,212.0,22,115
116,469,695,695-2026-07-07-L01,ride_hailing,6.0,nine_zone_representative|all|2026-07-07T08:00,2026-07-07 08:22:09.180000,2026-07-07 08:00:00,80.0,132.0,138.0,212.0,218.0,23,116
117,471,132,132-2026-07-07-L01,ride_hailing,6.0,nine_zone_representative|all|2026-07-07T08:00,2026-07-07 08:22:43.080000,2026-07-07 08:00:00,80.0,138.0,144.0,218.0,224.0,24,117
118,472,308,308-2026-07-07-L01,ride_hailing,6.0,nine_zone_representative|all|2026-07-07T08:00,2026-07-07 08:23:12.420000,2026-07-07 08:00:00,80.0,144.0,150.0,224.0,230.0,25,118
119,474,67,67-2026-07-07-L01,ride_hailing,6.0,nine_zone_representative|all|2026-07-07T08:00,2026-07-07 08:23:22.500000,2026-07-07 08:00:00,80.0,150.0,156.0,230.0,236.0,26,119
120,489,986,986-2026-07-07-L01,ride_hailing,6.0,nine_zone_representative|all|2026-07-07T08:00,2026-07-07 08:27:26.640000,2026-07-07 08:00:00,80.0,156.0,162.0,236.0,242.0,27,120
121,499,583,583-2026-07-07-L01,ride_hailing,6.0,nine_zone_representative|all|2026-07-07T08:30,2026-07-07 08:30:00,2026-07-07 08:30:00,80.0,0.0,6.0,80.0,86.0,1,121
122,500,698,698-2026-07-07-L01,ride_hailing,6.0,nine_zone_representative|all|2026-07-07T08:30,2026-07-07 08:30:00,2026-07-07 08:30:00,80.0,6.0,12.0,86.0,92.0,2,122
123,522,76,76-2026-07-07-L01,ride_hailing,6.0,nine_zone_representative|all|2026-07-07T08:30,2026-07-07 08:36:23.220000,2026-07-07 08:30:00,80.0,12.0,18.0,92.0,98.0,3,123
124,524,28,28-2026-07-07-L01,ride_hailing,6.0,nine_zone_representative|all|2026-07-07T08:30,2026-07-07 08:36:51,2026-07-07 08:30:00,80.0,18.0,24.0,98.0,104.0,4,124
125,526,420,420-2026-07-07-L01,ride_hailing,6.0,nine_zone_representative|all|2026-07-07T08:30,2026-07-07 08:37:26.880000,2026-07-07 08:30:00,80.0,24.0,30.0,104.0,110.0,5,125
126,532,384,384-2026-07-07-L01,ride_hailing,6.0,nine_zone_representative|all|2026-07-07T08:30,2026-07-07 08:39:30.900000,2026-07-07 08:30:00,80.0,30.0,36.0,110.0,116.0,6,126
127,539,390,390-2026-07-07-L01,ride_hailing,6.0,nine_zone_representative|all|2026-07-07T08:30,2026-07-07 08:41:42.720000,2026-07-07 08:30:00,80.0,36.0,42.0,116.0,122.0,7,127
128,542,382,382-2026-07-07-L01,ride_hailing,6.0,nine_zone_representative|all|2026-07-07T08:30,2026-07-07 08:42:33.720000,2026-07-07 08:30:00,80.0,42.0,48.0,122.0,128.0,8,128
129,543,175,175-2026-07-07-L01,ride_hailing,6.0,nine_zone_representative|all|2026-07-07T08:30,2026-07-07 08:42:36.840000,2026-07-07 08:30:00,80.0,48.0,54.0,128.0,134.0,9,129
130,545,503,503-2026-07-07-L01,ride_hailing,6.0,nine_zone_representative|all|2026-07-07T08:30,2026-07-07 08:42:50.400000,2026-07-07 08:30:00,80.0,54.0,60.0,134.0,140.0,10,130
131,549,14,14-2026-07-07-L01,ride_hailing,6.0,nine_zone_representative|all|2026-07-07T08:30,2026-07-07 08:43:45.900000,2026-07-07 08:30:00,80.0,60.0,66.0,140.0,146.0,11,131
132,550,238,238-2026-07-07-L01,ride_hailing,6.0,nine_zone_representative|all|2026-07-07T08:30,2026-07-07 08:44:00.180000,2026-07-07 08:30:00,80.0,66.0,72.0,146.0,152.0,12,132
133,551,128,128-2026-07-07-L01,ride_hailing,6.0,nine_zone_representative|all|2026-07-07T08:30,2026-07-07 08:44:01.980000,2026-07-07 08:30:00,80.0,72.0,78.0,152.0,158.0,13,133
134,552,108,108-2026-07-07-L01,ride_hailing,6.0,nine_zone_representative|all|2026-07-07T08:30,2026-07-07 08:44:34.680000,2026-07-07 08:30:00,80.0,78.0,84.0,158.0,164.0,14,134
135,563,54,54-2026-07-07-L01,ride_hailing,6.0,nine_zone_representative|all|2026-07-07T08:30,2026-07-07 08:46:45.660000,2026-07-07 08:30:00,80.0,84.0,90.0,164.0,170.0,15,135
136,565,218,218-2026-07-07-L01,ride_hailing,6.0,nine_zone_representative|all|2026-07-07T08:30,2026-07-07 08:47:21.240000,2026-07-07 08:30:00,80.0,90.0,96.0,170.0,176.0,16,136
137,575,603,603-2026-07-07-L01,ride_hailing,6.0,nine_zone_representative|all|2026-07-07T08:30,2026-07-07 08:49:34.140000,2026-07-07 08:30:00,80.0,96.0,102.0,176.0,182.0,17,137
138,577,711,711-2026-07-07-L01,ride_hailing,6.0,nine_zone_representative|all|2026-07-07T08:30,2026-07-07 08:49:51.360000,2026-07-07 08:30:00,80.0,102.0,108.0,182.0,188.0,18,138
139,579,597,597-2026-07-07-L01,ride_hailing,6.0,nine_zone_representative|all|2026-07-07T08:30,2026-07-07 08:49:53.400000,2026-07-07 08:30:00,80.0,108.0,114.0,188.0,194.0,19,139
140,580,121,121-2026-07-07-L01,ride_hailing,6.0,nine_zone_representative|all|2026-07-07T08:30,2026-07-07 08:49:53.400000,2026-07-07 08:30:00,80.0,114.0,120.0,194.0,200.0,20,140
141,584,355,355-2026-07-07-L01,ride_hailing,6.0,nine_zone_representative|all|2026-07-07T08:30,2026-07-07 08:54:48.360000,2026-07-07 08:30:00,80.0,120.0,126.0,200.0,206.0,21,141
142,597,256,256-2026-07-07-L01,ride_hailing,6.0,nine_zone_representative|all|2026-07-07T08:30,2026-07-07 08:57:07.320000,2026-07-07 08:30:00,80.0,126.0,132.0,206.0,212.0,22,142
143,601,446,446-2026-07-07-L01,ride_hailing,6.0,nine_zone_representative|all|2026-07-07T08:30,2026-07-07 08:58:08.700000,2026-07-07 08:30:00,80.0,132.0,138.0,212.0,218.0,23,143
144,603,789,789-2026-07-07-L01,ride_hailing,6.0,nine_zone_representative|all|2026-07-07T08:30,2026-07-07 08:58:14.340000,2026-07-07 08:30:00,80.0,138.0,144.0,218.0,224.0,24,144
145,606,628,628-2026-07-07-L01,ride_hailing,6.0,nine_zone_representative|all|2026-07-07T08:30,2026-07-07 08:58:41.040000,2026-07-07 08:30:00,80.0,144.0,150.0,224.0,230.0,25,145
146,610,116,116-2026-07-07-L01,ride_hailing,6.0,nine_zone_representative|all|2026-07-07T08:30,2026-07-07 08:59:14.340000,2026-07-07 08:30:00,80.0,150.0,156.0,230.0,236.0,26,146
147,618,363,363-2026-07-07-L01,ride_hailing,6.0,nine_zone_representative|all|2026-07-07T09:00,2026-07-07 09:03:54.960000,2026-07-07 09:00:00,80.0,0.0,6.0,80.0,86.0,1,147
148,621,329,329-2026-07-07-L01,ride_hailing,6.0,nine_zone_representative|all|2026-07-07T09:00,2026-07-07 09:04:46.260000,2026-07-07 09:00:00,80.0,6.0,12.0,86.0,92.0,2,148
149,629,300,300-2026-07-07-L01,ride_hailing,6.0,nine_zone_representative|all|2026-07-07T09:00,2026-07-07 09:07:27.240000,2026-07-07 09:00:00,80.0,12.0,18.0,92.0,98.0,3,149
150,630,301,301-2026-07-07-L01,ride_hailing,6.0,nine_zone_representative|all|2026-07-07T09:00,2026-07-07 09:07:32.520000,2026-07-07 09:00:00,80.0,18.0,24.0,98.0,104.0,4,150
151,636,642,642-2026-07-07-L01,ride_hailing,6.0,nine_zone_representative|all|2026-07-07T09:00,2026-07-07 09:09:43.800000,2026-07-07 09:00:00,80.0,24.0,30.0,104.0,110.0,5,151
152,651,685,685-2026-07-07-L01,ride_hailing,6.0,nine_zone_representative|all|2026-07-07T09:00,2026-07-07 09:14:48.060000,2026-07-07 09:00:00,80.0,30.0,36.0,110.0,116.0,6,152
153,652,511,511-2026-07-07-L01,ride_hailing,6.0,nine_zone_representative|all|2026-07-07T09:00,2026-07-07 09:14:51.900000,2026-07-07 09:00:00,80.0,36.0,42.0,116.0,122.0,7,153
154,653,884,884-2026-07-07-L01,ride_hailing,6.0,nine_zone_representative|all|2026-07-07T09:00,2026-07-07 09:15:38.580000,2026-07-07 09:00:00,80.0,42.0,48.0,122.0,128.0,8,154
155,656,100,100-2026-07-07-L01,ride_hailing,6.0,nine_zone_representative|all|2026-07-07T09:00,2026-07-07 09:16:44.580000,2026-07-07 09:00:00,80.0,48.0,54.0,128.0,134.0,9,155
156,665,430,430-2026-07-07-L01,ride_hailing,6.0,nine_zone_representative|all|2026-07-07T09:00,2026-07-07 09:17:37.380000,2026-07-07 09:00:00,80.0,54.0,60.0,134.0,140.0,10,156
157,670,129,129-2026-07-07-L01,ride_hailing,6.0,nine_zone_representative|all|2026-07-07T09:00,2026-07-07 09:18:25.800000,2026-07-07 09:00:00,80.0,60.0,66.0,140.0,146.0,11,157
158,671,463,463-2026-07-07-L01,ride_hailing,6.0,nine_zone_representative|all|2026-07-07T09:00,2026-07-07 09:18:27.060000,2026-07-07 09:00:00,80.0,66.0,72.0,146.0,152.0,12,158
159,679,619,619-2026-07-07-L01,ride_hailing,6.0,nine_zone_representative|all|2026-07-07T09:00,2026-07-07 09:18:47.940000,2026-07-07 09:00:00,80.0,72.0,78.0,152.0,158.0,13,159
160,683,387,387-2026-07-07-L01,ride_hailing,6.0,nine_zone_representative|all|2026-07-07T09:00,2026-07-07 09:19:03,2026-07-07 09:00:00,80.0,78.0,84.0,158.0,164.0,14,160
161,684,136,136-2026-07-07-L01,ride_hailing,6.0,nine_zone_representative|all|2026-07-07T09:00,2026-07-07 09:19:03,2026-07-07 09:00:00,80.0,84.0,90.0,164.0,170.0,15,161
162,688,548,548-2026-07-07-L01,ride_hailing,6.0,nine_zone_representative|all|2026-07-07T09:00,2026-07-07 09:19:21.600000,2026-07-07 09:00:00,80.0,90.0,96.0,170.0,176.0,16,162
163,689,190,190-2026-07-07-L01,ride_hailing,6.0,nine_zone_representative|all|2026-07-07T09:00,2026-07-07 09:19:40.380000,2026-07-07 09:00:00,80.0,96.0,102.0,176.0,182.0,17,163
164,691,447,447-2026-07-07-L01,ride_hailing,6.0,nine_zone_representative|all|2026-07-07T09:00,2026-07-07 09:22:04.740000,2026-07-07 09:00:00,80.0,102.0,108.0,182.0,188.0,18,164
165,692,65,65-2026-07-07-L01,ride_hailing,6.0,nine_zone_representative|all|2026-07-07T09:00,2026-07-07 09:22:04.740000,2026-07-07 09:00:00,80.0,108.0,114.0,188.0,194.0,19,165
166,693,612,612-2026-07-07-L01,ride_hailing,6.0,nine_zone_representative|all|2026-07-07T09:00,2026-07-07 09:22:04.740000,2026-07-07 09:00:00,80.0,114.0,120.0,194.0,200.0,20,166
167,694,394,394-2026-07-07-L01,ride_hailing,6.0,nine_zone_representative|all|2026-07-07T09:00,2026-07-07 09:22:23.400000,2026-07-07 09:00:00,80.0,120.0,126.0,200.0,206.0,21,167
168,695,188,188-2026-07-07-L01,ride_hailing,6.0,nine_zone_representative|all|2026-07-07T09:00,2026-07-07 09:22:45.480000,2026-07-07 09:00:00,80.0,126.0,132.0,206.0,212.0,22,168
169,698,4,4-2026-07-07-L01,ride_hailing,6.0,nine_zone_representative|all|2026-07-07T09:00,2026-07-07 09:25:15.660000,2026-07-07 09:00:00,80.0,132.0,138.0,212.0,218.0,23,169
170,699,265,265-2026-07-07-L01,ride_hailing,6.0,nine_zone_representative|all|2026-07-07T09:00,2026-07-07 09:26:01.620000,2026-07-07 09:00:00,80.0,138.0,144.0,218.0,224.0,24,170
171,700,592,592-2026-07-07-L01,ride_hailing,6.0,nine_zone_representative|all|2026-07-07T09:00,2026-07-07 09:27:34.500000,2026-07-07 09:00:00,80.0,144.0,150.0,224.0,230.0,25,171
172,707,435,435-2026-07-07-L01,ride_hailing,6.0,nine_zone_representative|all|2026-07-07T09:30,2026-07-07 09:30:06.360000,2026-07-07 09:30:00,56.470588235294116,0.0,6.0,56.470588235294116,62.470588235294116,1,172
173,708,429,429-2026-07-07-L01,ride_hailing,6.0,nine_zone_representative|all|2026-07-07T09:30,2026-07-07 09:30:10.260000,2026-07-07 09:30:00,56.470588235294116,6.0,12.0,62.470588235294116,68.47058823529412,2,173
174,709,231,231-2026-07-07-L01,ride_hailing,6.0,nine_zone_representative|all|2026-07-07T09:30,2026-07-07 09:30:15.420000,2026-07-07 09:30:00,56.470588235294116,12.0,18.0,68.47058823529412,74.47058823529412,3,174
175,711,19,19-2026-07-07-L01,ride_hailing,6.0,nine_zone_representative|all|2026-07-07T09:30,2026-07-07 09:31:36.540000,2026-07-07 09:30:00,56.470588235294116,18.0,24.0,74.47058823529412,80.47058823529412,4,175
176,721,746,746-2026-07-07-L01,ride_hailing,6.0,nine_zone_representative|all|2026-07-07T09:30,2026-07-07 09:33:29.820000,2026-07-07 09:30:00,56.470588235294116,24.0,30.0,80.47058823529412,86.47058823529412,5,176
177,722,400,400-2026-07-07-L01,ride_hailing,6.0,nine_zone_representative|all|2026-07-07T09:30,2026-07-07 09:33:30.360000,2026-07-07 09:30:00,56.470588235294116,30.0,36.0,86.47058823529412,92.47058823529412,6,177
178,723,353,353-2026-07-07-L01,ride_hailing,6.0,nine_zone_representative|all|2026-07-07T09:30,2026-07-07 09:33:30.360000,2026-07-07 09:30:00,56.470588235294116,36.0,42.0,92.47058823529412,98.47058823529412,7,178
179,724,571,571-2026-07-07-L01,ride_hailing,6.0,nine_zone_representative|all|2026-07-07T09:30,2026-07-07 09:33:30.360000,2026-07-07 09:30:00,56.470588235294116,42.0,48.0,98.47058823529412,104.47058823529412,8,179
180,727,418,418-2026-07-07-L01,ride_hailing,6.0,nine_zone_representative|all|2026-07-07T09:30,2026-07-07 09:33:58.680000,2026-07-07 09:30:00,56.470588235294116,48.0,54.0,104.47058823529412,110.47058823529412,9,180
181,728,304,304-2026-07-07-L01,ride_hailing,6.0,nine_zone_representative|all|2026-07-07T09:30,2026-07-07 09:33:58.680000,2026-07-07 09:30:00,56.470588235294116,54.0,60.0,110.47058823529412,116.47058823529412,10,181
182,730,334,334-2026-07-07-L01,ride_hailing,6.0,nine_zone_representative|all|2026-07-07T09:30,2026-07-07 09:35:52.560000,2026-07-07 09:30:00,56.470588235294116,60.0,66.0,116.47058823529412,122.47058823529412,11,182
183,731,572,572-2026-07-07-L01,ride_hailing,6.0,nine_zone_representative|all|2026-07-07T09:30,2026-07-07 09:37:26.220000,2026-07-07 09:30:00,56.470588235294116,66.0,72.0,122.47058823529412,128.47058823529412,12,183
184,735,650,650-2026-07-07-L01,ride_hailing,6.0,nine_zone_representative|all|2026-07-07T09:30,2026-07-07 09:42:38.880000,2026-07-07 09:30:00,56.470588235294116,72.0,78.0,128.47058823529412,134.47058823529412,13,184
185,736,247,247-2026-07-07-L01,ride_hailing,6.0,nine_zone_representative|all|2026-07-07T09:30,2026-07-07 09:43:36.840000,2026-07-07 09:30:00,56.470588235294116,78.0,84.0,134.47058823529412,140.47058823529412,14,185
186,739,70,70-2026-07-07-L01,ride_hailing,6.0,nine_zone_representative|all|2026-07-07T09:30,2026-07-07 09:44:44.340000,2026-07-07 09:30:00,56.470588235294116,84.0,90.0,140.47058823529412,146.47058823529412,15,186
187,742,197,197-2026-07-07-L01,ride_hailing,6.0,nine_zone_representative|all|2026-07-07T09:30,2026-07-07 09:47:36.720000,2026-07-07 09:30:00,56.470588235294116,90.0,96.0,146.47058823529412,152.47058823529412,16,187
188,744,87,87-2026-07-07-L01,ride_hailing,6.0,nine_zone_representative|all|2026-07-07T09:30,2026-07-07 09:49:18,2026-07-07 09:30:00,56.470588235294116,96.0,102.0,152.47058823529412,158.47058823529412,17,188
189,745,214,214-2026-07-07-L01,ride_hailing,6.0,nine_zone_representative|all|2026-07-07T09:30,2026-07-07 09:49:51.240000,2026-07-07 09:30:00,56.470588235294116,102.0,108.0,158.47058823529412,164.47058823529412,18,189
190,749,164,164-2026-07-07-L01,ride_hailing,6.0,nine_zone_representative|all|2026-07-07T09:30,2026-07-07 09:50:44.340000,2026-07-07 09:30:00,56.470588235294116,108.0,114.0,164.47058823529412,170.47058823529412,19,190
191,751,802,802-2026-07-07-L01,ride_hailing,6.0,nine_zone_representative|all|2026-07-07T09:30,2026-07-07 09:51:07.693333,2026-07-07 09:30:00,56.470588235294116,114.0,120.0,170.47058823529412,176.47058823529412,20,191
192,752,184,184-2026-07-07-L01,ride_hailing,6.0,nine_zone_representative|all|2026-07-07T09:30,2026-07-07 09:51:38.340000,2026-07-07 09:30:00,56.470588235294116,120.0,126.0,176.47058823529412,182.47058823529412,21,192
193,753,151,151-2026-07-07-L01,ride_hailing,6.0,nine_zone_representative|all|2026-07-07T09:30,2026-07-07 09:51:51.840000,2026-07-07 09:30:00,56.470588235294116,126.0,132.0,182.47058823529412,188.47058823529412,22,193
194,754,912,912-2026-07-07-L01,ride_hailing,6.0,nine_zone_representative|all|2026-07-07T09:30,2026-07-07 09:52:13.920000,2026-07-07 09:30:00,56.470588235294116,132.0,138.0,188.47058823529412,194.47058823529412,23,194
195,755,153,153-2026-07-07-L01,ride_hailing,6.0,nine_zone_representative|all|2026-07-07T09:30,2026-07-07 09:54:11.460000,2026-07-07 09:30:00,56.470588235294116,138.0,144.0,194.47058823529412,200.47058823529412,24,195
196,756,724,724-2026-07-07-L01,ride_hailing,6.0,nine_zone_representative|all|2026-07-07T09:30,2026-07-07 09:54:37.440000,2026-07-07 09:30:00,56.470588235294116,144.0,150.0,200.47058823529412,206.47058823529412,25,196
197,757,63,63-2026-07-07-L01,ride_hailing,6.0,nine_zone_representative|all|2026-07-07T09:30,2026-07-07 09:54:37.440000,2026-07-07 09:30:00,56.470588235294116,150.0,156.0,206.47058823529412,212.47058823529412,26,197
198,759,635,635-2026-07-07-L01,ride_hailing,6.0,nine_zone_representative|all|2026-07-07T09:30,2026-07-07 09:56:34.020000,2026-07-07 09:30:00,56.470588235294116,156.0,162.0,212.47058823529412,218.47058823529412,27,198
199,760,2,2-2026-07-07-L01,ride_hailing,6.0,nine_zone_representative|all|2026-07-07T09:30,2026-07-07 09:57:17.940000,2026-07-07 09:30:00,56.470588235294116,162.0,168.0,218.47058823529412,224.47058823529412,28,199
200,761,726,726-2026-07-07-L01,ride_hailing,6.0,nine_zone_representative|all|2026-07-07T09:30,2026-07-07 09:57:29.220000,2026-07-07 09:30:00,56.470588235294116,168.0,174.0,224.47058823529412,230.47058823529412,29,200
201,762,319,319-2026-07-07-L01,ride_hailing,6.0,nine_zone_representative|all|2026-07-07T09:30,2026-07-07 09:57:35.520000,2026-07-07 09:30:00,56.470588235294116,174.0,180.0,230.47058823529412,236.47058823529412,30,201
202,763,323,323-2026-07-07-L01,ride_hailing,6.0,nine_zone_representative|all|2026-07-07T09:30,2026-07-07 09:57:45.060000,2026-07-07 09:30:00,56.470588235294116,180.0,186.0,236.47058823529412,242.47058823529412,31,202
203,764,474,474-2026-07-07-L01,ride_hailing,6.0,nine_zone_representative|all|2026-07-07T09:30,2026-07-07 09:58:42.780000,2026-07-07 09:30:00,56.470588235294116,186.0,192.0,242.47058823529412,248.47058823529412,32,203
204,774,440,440-2026-07-07-L01,ride_hailing,6.0,nine_zone_representative|all|2026-07-07T10:00,2026-07-07 10:04:17.100000,2026-07-07 10:00:00,56.470588235294116,0.0,6.0,56.470588235294116,62.470588235294116,1,204
205,782,736,736-2026-07-07-L01,ride_hailing,6.0,nine_zone_representative|all|2026-07-07T10:00,2026-07-07 10:23:11.820000,2026-07-07 10:00:00,56.470588235294116,6.0,12.0,62.470588235294116,68.47058823529412,2,205
206,787,944,944-2026-07-07-L01,ride_hailing,6.0,nine_zone_representative|all|2026-07-07T10:00,2026-07-07 10:29:31.320000,2026-07-07 10:00:00,56.470588235294116,12.0,18.0,68.47058823529412,74.47058823529412,3,206
207,800,996,996-2026-07-07-L01,ride_hailing,6.0,nine_zone_representative|all|2026-07-07T10:30,2026-07-07 10:38:35.940000,2026-07-07 10:30:00,48.0,0.0,6.0,48.0,54.0,1,207
208,802,954,954-2026-07-07-L01,ride_hailing,6.0,nine_zone_representative|all|2026-07-07T10:30,2026-07-07 10:39:22.186667,2026-07-07 10:30:00,48.0,6.0,12.0,54.0,60.0,2,208
209,806,739,739-2026-07-07-L01,ride_hailing,6.0,nine_zone_representative|all|2026-07-07T10:30,2026-07-07 10:53:38.700000,2026-07-07 10:30:00,48.0,12.0,18.0,60.0,66.0,3,209
210,811,669,669-2026-07-07-L01,ride_hailing,6.0,nine_zone_representative|all|2026-07-07T10:30,2026-07-07 10:59:25.980000,2026-07-07 10:30:00,48.0,18.0,24.0,66.0,72.0,4,210
211,813,874,874-2026-07-07-L02,ride_hailing,6.0,nine_zone_representative|all|2026-07-07T11:00,2026-07-07 11:00:00,2026-07-07 11:00:00,48.0,0.0,6.0,48.0,54.0,1,211
212,815,367,367-2026-07-07-L01,ride_hailing,6.0,nine_zone_representative|all|2026-07-07T11:00,2026-07-07 11:01:59.340000,2026-07-07 11:00:00,48.0,6.0,12.0,54.0,60.0,2,212
213,816,836,836-2026-07-07-L01,ride_hailing,6.0,nine_zone_representative|all|2026-07-07T11:00,2026-07-07 11:02:08.280000,2026-07-07 11:00:00,48.0,12.0,18.0,60.0,66.0,3,213
214,820,796,796-2026-07-07-L01,ride_hailing,6.0,nine_zone_representative|all|2026-07-07T11:00,2026-07-07 11:06:48,2026-07-07 11:00:00,48.0,18.0,24.0,66.0,72.0,4,214
215,823,926,926-2026-07-07-L01,ride_hailing,6.0,nine_zone_representative|all|2026-07-07T11:00,2026-07-07 11:16:36.720000,2026-07-07 11:00:00,48.0,24.0,30.0,72.0,78.0,5,215
216,831,702,702-2026-07-07-L01,ride_hailing,6.0,nine_zone_representative|all|2026-07-07T11:00,2026-07-07 11:25:51.960000,2026-07-07 11:00:00,48.0,30.0,36.0,78.0,84.0,6,216
217,842,253,253-2026-07-07-L01,ride_hailing,6.0,nine_zone_representative|all|2026-07-07T11:30,2026-07-07 11:35:58.020000,2026-07-07 11:30:00,48.0,0.0,6.0,48.0,54.0,1,217
218,845,113,113-2026-07-07-L01,ride_hailing,6.0,nine_zone_representative|all|2026-07-07T11:30,2026-07-07 11:39:27.480000,2026-07-07 11:30:00,48.0,6.0,12.0,54.0,60.0,2,218
219,848,898,898-2026-07-07-L01,ride_hailing,6.0,nine_zone_representative|all|2026-07-07T11:30,2026-07-07 11:43:19.800000,2026-07-07 11:30:00,48.0,12.0,18.0,60.0,66.0,3,219
220,863,977,977-2026-07-07-L01,ride_hailing,6.0,nine_zone_representative|all|2026-07-07T12:00,2026-07-07 12:13:00.660000,2026-07-07 12:00:00,48.0,0.0,6.0,48.0,54.0,1,220
221,868,821,821-2026-07-07-L01,ride_hailing,6.0,nine_zone_representative|all|2026-07-07T12:00,2026-07-07 12:15:44.580000,2026-07-07 12:00:00,48.0,6.0,12.0,54.0,60.0,2,221
222,870,317,317-2026-07-07-L01,ride_hailing,6.0,nine_zone_representative|all|2026-07-07T12:00,2026-07-07 12:17:55.500000,2026-07-07 12:00:00,48.0,12.0,18.0,60.0,66.0,3,222
223,873,755,755-2026-07-07-L01,ride_hailing,6.0,nine_zone_representative|all|2026-07-07T12:00,2026-07-07 12:26:00.960000,2026-07-07 12:00:00,48.0,18.0,24.0,66.0,72.0,4,223
224,888,886,886-2026-07-07-L01,ride_hailing,6.0,nine_zone_representative|all|2026-07-07T12:30,2026-07-07 12:31:32.100000,2026-07-07 12:30:00,48.0,0.0,6.0,48.0,54.0,1,224
225,892,149,149-2026-07-07-L01,ride_hailing,6.0,nine_zone_representative|all|2026-07-07T12:30,2026-07-07 12:37:20.280000,2026-07-07 12:30:00,48.0,6.0,12.0,54.0,60.0,2,225
226,893,921,921-2026-07-07-L01,ride_hailing,6.0,nine_zone_representative|all|2026-07-07T12:30,2026-07-07 12:37:55.740000,2026-07-07 12:30:00,48.0,12.0,18.0,60.0,66.0,3,226
227,898,681,681-2026-07-07-L01,ride_hailing,6.0,nine_zone_representative|all|2026-07-07T12:30,2026-07-07 12:50:38.640000,2026-07-07 12:30:00,48.0,18.0,24.0,66.0,72.0,4,227
228,916,952,952-2026-07-07-L01,ride_hailing,6.0,nine_zone_representative|all|2026-07-07T13:00,2026-07-07 13:07:25.320000,2026-07-07 13:00:00,48.0,0.0,6.0,48.0,54.0,1,228
229,940,600,600-2026-07-07-L01,ride_hailing,6.0,nine_zone_representative|all|2026-07-07T13:30,2026-07-07 13:30:19.740000,2026-07-07 13:30:00,48.0,0.0,6.0,48.0,54.0,1,229
230,950,951,951-2026-07-07-L02,ride_hailing,6.0,nine_zone_representative|all|2026-07-07T14:00,2026-07-07 14:00:00,2026-07-07 14:00:00,48.0,0.0,6.0,48.0,54.0,1,230
231,964,287,287-2026-07-07-L01,ride_hailing,6.0,nine_zone_representative|all|2026-07-07T14:00,2026-07-07 14:01:26.340000,2026-07-07 14:00:00,48.0,6.0,12.0,54.0,60.0,2,231
232,965,531,531-2026-07-07-L01,ride_hailing,6.0,nine_zone_representative|all|2026-07-07T14:00,2026-07-07 14:07:25.320000,2026-07-07 14:00:00,48.0,12.0,18.0,60.0,66.0,3,232
233,981,187,187-2026-07-07-L02,ride_hailing,6.0,nine_zone_representative|all|2026-07-07T14:30,2026-07-07 14:30:06.840000,2026-07-07 14:30:00,48.0,0.0,6.0,48.0,54.0,1,233
234,983,150,150-2026-07-07-L02,ride_hailing,6.0,nine_zone_representative|all|2026-07-07T14:30,2026-07-07 14:36:59.820000,2026-07-07 14:30:00,48.0,6.0,12.0,54.0,60.0,2,234
235,986,953,953-2026-07-07-L01,ride_hailing,6.0,nine_zone_representative|all|2026-07-07T14:30,2026-07-07 14:46:34.680000,2026-07-07 14:30:00,48.0,12.0,18.0,60.0,66.0,3,235
236,1007,705,705-2026-07-07-L01,ride_hailing,6.0,nine_zone_representative|all|2026-07-07T15:00,2026-07-07 15:08:27.420000,2026-07-07 15:00:00,48.0,0.0,6.0,48.0,54.0,1,236
237,1022,544,544-2026-07-07-L01,ride_hailing,6.0,nine_zone_representative|all|2026-07-07T15:30,2026-07-07 15:30:35.280000,2026-07-07 15:30:00,48.0,0.0,6.0,48.0,54.0,1,237
238,1041,270,270-2026-07-07-L02,ride_hailing,6.0,nine_zone_representative|all|2026-07-07T16:00,2026-07-07 16:00:00,2026-07-07 16:00:00,48.0,0.0,6.0,48.0,54.0,1,238
239,1051,317,317-2026-07-07-L02,ride_hailing,6.0,nine_zone_representative|all|2026-07-07T16:00,2026-07-07 16:00:00,2026-07-07 16:00:00,48.0,6.0,12.0,54.0,60.0,2,239
240,1052,367,367-2026-07-07-L02,ride_hailing,6.0,nine_zone_representative|all|2026-07-07T16:00,2026-07-07 16:00:00,2026-07-07 16:00:00,48.0,12.0,18.0,60.0,66.0,3,240
241,1056,180,180-2026-07-07-L01,ride_hailing,6.0,nine_zone_representative|all|2026-07-07T16:00,2026-07-07 16:21:40.860000,2026-07-07 16:00:00,48.0,18.0,24.0,66.0,72.0,4,241
242,1068,179,179-2026-07-07-L02,ride_hailing,6.0,nine_zone_representative|all|2026-07-07T16:30,2026-07-07 16:30:00,2026-07-07 16:30:00,48.0,0.0,6.0,48.0,54.0,1,242
243,1071,364,364-2026-07-07-L02,ride_hailing,6.0,nine_zone_representative|all|2026-07-07T16:30,2026-07-07 16:30:00,2026-07-07 16:30:00,48.0,6.0,12.0,54.0,60.0,2,243
244,1074,659,659-2026-07-07-L01,ride_hailing,6.0,nine_zone_representative|all|2026-07-07T16:30,2026-07-07 16:34:09.420000,2026-07-07 16:30:00,48.0,12.0,18.0,60.0,66.0,3,244
245,1078,613,613-2026-07-07-L02,ride_hailing,6.0,nine_zone_representative|all|2026-07-07T17:00,2026-07-07 17:00:00,2026-07-07 17:00:00,60.0,0.0,6.0,60.0,66.0,1,245
246,1085,497,497-2026-07-07-L02,ride_hailing,6.0,nine_zone_representative|all|2026-07-07T17:00,2026-07-07 17:00:00,2026-07-07 17:00:00,60.0,6.0,12.0,66.0,72.0,2,246
247,1097,254,254-2026-07-07-L02,ride_hailing,6.0,nine_zone_representative|all|2026-07-07T17:00,2026-07-07 17:00:00,2026-07-07 17:00:00,60.0,12.0,18.0,72.0,78.0,3,247
248,1100,139,139-2026-07-07-L02,ride_hailing,6.0,nine_zone_representative|all|2026-07-07T17:00,2026-07-07 17:00:00,2026-07-07 17:00:00,60.0,18.0,24.0,78.0,84.0,4,248
249,1102,94,94-2026-07-07-L02,ride_hailing,6.0,nine_zone_representative|all|2026-07-07T17:00,2026-07-07 17:00:00,2026-07-07 17:00:00,60.0,24.0,30.0,84.0,90.0,5,249
250,1104,517,517-2026-07-07-L02,ride_hailing,6.0,nine_zone_representative|all|2026-07-07T17:00,2026-07-07 17:00:00,2026-07-07 17:00:00,60.0,30.0,36.0,90.0,96.0,6,250
251,1105,49,49-2026-07-07-L02,ride_hailing,6.0,nine_zone_representative|all|2026-07-07T17:00,2026-07-07 17:00:00,2026-07-07 17:00:00,60.0,36.0,42.0,96.0,102.0,7,251
252,1113,442,442-2026-07-07-L02,ride_hailing,6.0,nine_zone_representative|all|2026-07-07T17:00,2026-07-07 17:00:00,2026-07-07 17:00:00,60.0,42.0,48.0,102.0,108.0,8,252
253,1116,499,499-2026-07-07-L02,ride_hailing,6.0,nine_zone_representative|all|2026-07-07T17:00,2026-07-07 17:00:00,2026-07-07 17:00:00,60.0,48.0,54.0,108.0,114.0,9,253
254,1117,236,236-2026-07-07-L02,ride_hailing,6.0,nine_zone_representative|all|2026-07-07T17:00,2026-07-07 17:00:00,2026-07-07 17:00:00,60.0,54.0,60.0,114.0,120.0,10,254
255,1118,67,67-2026-07-07-L02,ride_hailing,6.0,nine_zone_representative|all|2026-07-07T17:00,2026-07-07 17:00:00,2026-07-07 17:00:00,60.0,60.0,66.0,120.0,126.0,11,255
256,1119,193,193-2026-07-07-L02,ride_hailing,6.0,nine_zone_representative|all|2026-07-07T17:00,2026-07-07 17:00:00,2026-07-07 17:00:00,60.0,66.0,72.0,126.0,132.0,12,256
257,1122,3,3-2026-07-07-L02,ride_hailing,6.0,nine_zone_representative|all|2026-07-07T17:00,2026-07-07 17:00:00,2026-07-07 17:00:00,60.0,72.0,78.0,132.0,138.0,13,257
258,1125,92,92-2026-07-07-L02,ride_hailing,6.0,nine_zone_representative|all|2026-07-07T17:00,2026-07-07 17:00:00,2026-07-07 17:00:00,60.0,78.0,84.0,138.0,144.0,14,258
259,1127,707,707-2026-07-07-L02,ride_hailing,6.0,nine_zone_representative|all|2026-07-07T17:00,2026-07-07 17:00:00,2026-07-07 17:00:00,60.0,84.0,90.0,144.0,150.0,15,259
260,1130,167,167-2026-07-07-L02,ride_hailing,6.0,nine_zone_representative|all|2026-07-07T17:00,2026-07-07 17:00:00,2026-07-07 17:00:00,60.0,90.0,96.0,150.0,156.0,16,260
261,1131,186,186-2026-07-07-L02,ride_hailing,6.0,nine_zone_representative|all|2026-07-07T17:00,2026-07-07 17:00:00,2026-07-07 17:00:00,60.0,96.0,102.0,156.0,162.0,17,261
262,1133,352,352-2026-07-07-L02,ride_hailing,6.0,nine_zone_representative|all|2026-07-07T17:00,2026-07-07 17:00:00,2026-07-07 17:00:00,60.0,102.0,108.0,162.0,168.0,18,262
263,1142,97,97-2026-07-07-L02,ride_hailing,6.0,nine_zone_representative|all|2026-07-07T17:00,2026-07-07 17:00:00,2026-07-07 17:00:00,60.0,108.0,114.0,168.0,174.0,19,263
264,1151,663,663-2026-07-07-L02,ride_hailing,6.0,nine_zone_representative|all|2026-07-07T17:00,2026-07-07 17:00:00,2026-07-07 17:00:00,60.0,114.0,120.0,174.0,180.0,20,264
265,1154,453,453-2026-07-07-L02,ride_hailing,6.0,nine_zone_representative|all|2026-07-07T17:00,2026-07-07 17:00:00,2026-07-07 17:00:00,60.0,120.0,126.0,180.0,186.0,21,265
266,1156,281,281-2026-07-07-L02,ride_hailing,6.0,nine_zone_representative|all|2026-07-07T17:00,2026-07-07 17:00:00,2026-07-07 17:00:00,60.0,126.0,132.0,186.0,192.0,22,266
267,1163,40,40-2026-07-07-L02,ride_hailing,6.0,nine_zone_representative|all|2026-07-07T17:00,2026-07-07 17:00:00,2026-07-07 17:00:00,60.0,132.0,138.0,192.0,198.0,23,267
268,1164,56,56-2026-07-07-L02,ride_hailing,6.0,nine_zone_representative|all|2026-07-07T17:00,2026-07-07 17:00:00,2026-07-07 17:00:00,60.0,138.0,144.0,198.0,204.0,24,268
269,1165,448,448-2026-07-07-L02,ride_hailing,6.0,nine_zone_representative|all|2026-07-07T17:00,2026-07-07 17:00:00,2026-07-07 17:00:00,60.0,144.0,150.0,204.0,210.0,25,269
270,1169,482,482-2026-07-07-L02,ride_hailing,6.0,nine_zone_representative|all|2026-07-07T17:00,2026-07-07 17:00:00,2026-07-07 17:00:00,60.0,150.0,156.0,210.0,216.0,26,270
271,1171,584,584-2026-07-07-L02,ride_hailing,6.0,nine_zone_representative|all|2026-07-07T17:00,2026-07-07 17:00:00,2026-07-07 17:00:00,60.0,156.0,162.0,216.0,222.0,27,271
272,1173,657,657-2026-07-07-L02,ride_hailing,6.0,nine_zone_representative|all|2026-07-07T17:00,2026-07-07 17:00:00,2026-07-07 17:00:00,60.0,162.0,168.0,222.0,228.0,28,272
273,1178,347,347-2026-07-07-L02,ride_hailing,6.0,nine_zone_representative|all|2026-07-07T17:00,2026-07-07 17:00:00,2026-07-07 17:00:00,60.0,168.0,174.0,228.0,234.0,29,273
274,1182,358,358-2026-07-07-L02,ride_hailing,6.0,nine_zone_representative|all|2026-07-07T17:00,2026-07-07 17:00:00,2026-07-07 17:00:00,60.0,174.0,180.0,234.0,240.0,30,274
275,1185,718,718-2026-07-07-L02,ride_hailing,6.0,nine_zone_representative|all|2026-07-07T17:00,2026-07-07 17:00:00,2026-07-07 17:00:00,60.0,180.0,186.0,240.0,246.0,31,275
276,1186,341,341-2026-07-07-L02,ride_hailing,6.0,nine_zone_representative|all|2026-07-07T17:00,2026-07-07 17:00:00,2026-07-07 17:00:00,60.0,186.0,192.0,246.0,252.0,32,276
277,1192,598,598-2026-07-07-L02,ride_hailing,6.0,nine_zone_representative|all|2026-07-07T17:00,2026-07-07 17:00:00,2026-07-07 17:00:00,60.0,192.0,198.0,252.0,258.0,33,277
278,1193,194,194-2026-07-07-L02,ride_hailing,6.0,nine_zone_representative|all|2026-07-07T17:00,2026-07-07 17:00:00,2026-07-07 17:00:00,60.0,198.0,204.0,258.0,264.0,34,278
279,1195,205,205-2026-07-07-L02,ride_hailing,6.0,nine_zone_representative|all|2026-07-07T17:00,2026-07-07 17:00:00,2026-07-07 17:00:00,60.0,204.0,210.0,264.0,270.0,35,279
280,1196,594,594-2026-07-07-L02,ride_hailing,6.0,nine_zone_representative|all|2026-07-07T17:00,2026-07-07 17:00:00,2026-07-07 17:00:00,60.0,210.0,216.0,270.0,276.0,36,280
281,1200,296,296-2026-07-07-L02,ride_hailing,6.0,nine_zone_representative|all|2026-07-07T17:00,2026-07-07 17:00:00,2026-07-07 17:00:00,60.0,216.0,222.0,276.0,282.0,37,281
282,1203,359,359-2026-07-07-L02,ride_hailing,6.0,nine_zone_representative|all|2026-07-07T17:00,2026-07-07 17:00:00,2026-07-07 17:00:00,60.0,222.0,228.0,282.0,288.0,38,282
283,1204,553,553-2026-07-07-L02,ride_hailing,6.0,nine_zone_representative|all|2026-07-07T17:00,2026-07-07 17:00:00,2026-07-07 17:00:00,60.0,228.0,234.0,288.0,294.0,39,283
284,1214,635,635-2026-07-07-L02,ride_hailing,6.0,nine_zone_representative|all|2026-07-07T17:00,2026-07-07 17:25:56.100000,2026-07-07 17:00:00,60.0,234.0,240.0,294.0,300.0,40,284
285,1216,142,142-2026-07-07-L02,ride_hailing,6.0,nine_zone_representative|all|2026-07-07T17:00,2026-07-07 17:27:26.640000,2026-07-07 17:00:00,60.0,240.0,246.0,300.0,306.0,41,285
286,1217,322,322-2026-07-07-L02,ride_hailing,6.0,nine_zone_representative|all|2026-07-07T17:00,2026-07-07 17:27:26.640000,2026-07-07 17:00:00,60.0,246.0,252.0,306.0,312.0,42,286
287,1220,213,213-2026-07-07-L02,ride_hailing,6.0,nine_zone_representative|all|2026-07-07T17:30,2026-07-07 17:30:00,2026-07-07 17:30:00,80.0,0.0,6.0,80.0,86.0,1,287
288,1223,238,238-2026-07-07-L02,ride_hailing,6.0,nine_zone_representative|all|2026-07-07T17:30,2026-07-07 17:30:00,2026-07-07 17:30:00,80.0,6.0,12.0,86.0,92.0,2,288
289,1229,627,627-2026-07-07-L02,ride_hailing,6.0,nine_zone_representative|all|2026-07-07T17:30,2026-07-07 17:30:00,2026-07-07 17:30:00,80.0,12.0,18.0,92.0,98.0,3,289
290,1235,240,240-2026-07-07-L02,ride_hailing,6.0,nine_zone_representative|all|2026-07-07T17:30,2026-07-07 17:30:00,2026-07-07 17:30:00,80.0,18.0,24.0,98.0,104.0,4,290
291,1251,388,388-2026-07-07-L02,ride_hailing,6.0,nine_zone_representative|all|2026-07-07T17:30,2026-07-07 17:30:00,2026-07-07 17:30:00,80.0,24.0,30.0,104.0,110.0,5,291
292,1258,47,47-2026-07-07-L02,ride_hailing,6.0,nine_zone_representative|all|2026-07-07T17:30,2026-07-07 17:30:00,2026-07-07 17:30:00,80.0,30.0,36.0,110.0,116.0,6,292
293,1260,137,137-2026-07-07-L02,ride_hailing,6.0,nine_zone_representative|all|2026-07-07T17:30,2026-07-07 17:30:00,2026-07-07 17:30:00,80.0,36.0,42.0,116.0,122.0,7,293
294,1263,272,272-2026-07-07-L02,ride_hailing,6.0,nine_zone_representative|all|2026-07-07T17:30,2026-07-07 17:30:00,2026-07-07 17:30:00,80.0,42.0,48.0,122.0,128.0,8,294
295,1269,93,93-2026-07-07-L02,ride_hailing,6.0,nine_zone_representative|all|2026-07-07T17:30,2026-07-07 17:30:00,2026-07-07 17:30:00,80.0,48.0,54.0,128.0,134.0,9,295
296,1288,112,112-2026-07-07-L02,ride_hailing,6.0,nine_zone_representative|all|2026-07-07T17:30,2026-07-07 17:30:00,2026-07-07 17:30:00,80.0,54.0,60.0,134.0,140.0,10,296
297,1289,390,390-2026-07-07-L02,ride_hailing,6.0,nine_zone_representative|all|2026-07-07T17:30,2026-07-07 17:30:00,2026-07-07 17:30:00,80.0,60.0,66.0,140.0,146.0,11,297
298,1294,471,471-2026-07-07-L02,ride_hailing,6.0,nine_zone_representative|all|2026-07-07T17:30,2026-07-07 17:30:00,2026-07-07 17:30:00,80.0,66.0,72.0,146.0,152.0,12,298
299,1296,201,201-2026-07-07-L02,ride_hailing,6.0,nine_zone_representative|all|2026-07-07T17:30,2026-07-07 17:30:00,2026-07-07 17:30:00,80.0,72.0,78.0,152.0,158.0,13,299
300,1300,325,325-2026-07-07-L02,ride_hailing,6.0,nine_zone_representative|all|2026-07-07T17:30,2026-07-07 17:30:00,2026-07-07 17:30:00,80.0,78.0,84.0,158.0,164.0,14,300
301,1304,135,135-2026-07-07-L02,ride_hailing,6.0,nine_zone_representative|all|2026-07-07T17:30,2026-07-07 17:30:00,2026-07-07 17:30:00,80.0,84.0,90.0,164.0,170.0,15,301
302,1307,328,328-2026-07-07-L02,ride_hailing,6.0,nine_zone_representative|all|2026-07-07T17:30,2026-07-07 17:30:00,2026-07-07 17:30:00,80.0,90.0,96.0,170.0,176.0,16,302
303,1312,28,28-2026-07-07-L02,ride_hailing,6.0,nine_zone_representative|all|2026-07-07T17:30,2026-07-07 17:30:00,2026-07-07 17:30:00,80.0,96.0,102.0,176.0,182.0,17,303
304,1317,69,69-2026-07-07-L02,ride_hailing,6.0,nine_zone_representative|all|2026-07-07T17:30,2026-07-07 17:30:03.120000,2026-07-07 17:30:00,80.0,102.0,108.0,182.0,188.0,18,304
305,1326,253,253-2026-07-07-L02,ride_hailing,6.0,nine_zone_representative|all|2026-07-07T17:30,2026-07-07 17:46:04.320000,2026-07-07 17:30:00,80.0,108.0,114.0,188.0,194.0,19,305
306,1330,379,379-2026-07-07-L02,ride_hailing,6.0,nine_zone_representative|all|2026-07-07T17:30,2026-07-07 17:49:46.140000,2026-07-07 17:30:00,80.0,114.0,120.0,194.0,200.0,20,306
307,1335,564,564-2026-07-07-L02,ride_hailing,6.0,nine_zone_representative|all|2026-07-07T17:30,2026-07-07 17:57:26.640000,2026-07-07 17:30:00,80.0,120.0,126.0,200.0,206.0,21,307
308,1349,274,274-2026-07-07-L02,ride_hailing,6.0,nine_zone_representative|all|2026-07-07T18:00,2026-07-07 18:00:00,2026-07-07 18:00:00,80.0,0.0,6.0,80.0,86.0,1,308
309,1357,129,129-2026-07-07-L02,ride_hailing,6.0,nine_zone_representative|all|2026-07-07T18:00,2026-07-07 18:00:00,2026-07-07 18:00:00,80.0,6.0,12.0,86.0,92.0,2,309
310,1371,8,8-2026-07-07-L02,ride_hailing,6.0,nine_zone_representative|all|2026-07-07T18:00,2026-07-07 18:00:00,2026-07-07 18:00:00,80.0,12.0,18.0,92.0,98.0,3,310
311,1372,134,134-2026-07-07-L02,ride_hailing,6.0,nine_zone_representative|all|2026-07-07T18:00,2026-07-07 18:00:00,2026-07-07 18:00:00,80.0,18.0,24.0,98.0,104.0,4,311
312,1377,332,332-2026-07-07-L02,ride_hailing,6.0,nine_zone_representative|all|2026-07-07T18:00,2026-07-07 18:00:00,2026-07-07 18:00:00,80.0,24.0,30.0,104.0,110.0,5,312
313,1430,386,386-2026-07-07-L02,ride_hailing,6.0,nine_zone_representative|all|2026-07-07T18:00,2026-07-07 18:00:00,2026-07-07 18:00:00,80.0,30.0,36.0,110.0,116.0,6,313
314,1436,268,268-2026-07-07-L02,ride_hailing,6.0,nine_zone_representative|all|2026-07-07T18:00,2026-07-07 18:00:00,2026-07-07 18:00:00,80.0,36.0,42.0,116.0,122.0,7,314
315,1443,86,86-2026-07-07-L02,ride_hailing,6.0,nine_zone_representative|all|2026-07-07T18:00,2026-07-07 18:00:00,2026-07-07 18:00:00,80.0,42.0,48.0,122.0,128.0,8,315
316,1454,371,371-2026-07-07-L02,ride_hailing,6.0,nine_zone_representative|all|2026-07-07T18:00,2026-07-07 18:02:36.480000,2026-07-07 18:00:00,80.0,48.0,54.0,128.0,134.0,9,316
317,1459,307,307-2026-07-07-L02,ride_hailing,6.0,nine_zone_representative|all|2026-07-07T18:00,2026-07-07 18:10:05.520000,2026-07-07 18:00:00,80.0,54.0,60.0,134.0,140.0,10,317
318,1470,23,23-2026-07-07-L01,ride_hailing,6.0,nine_zone_representative|all|2026-07-07T18:00,2026-07-07 18:20:50.040000,2026-07-07 18:00:00,80.0,60.0,66.0,140.0,146.0,11,318
319,1472,88,88-2026-07-07-L02,ride_hailing,6.0,nine_zone_representative|all|2026-07-07T18:00,2026-07-07 18:27:37.860000,2026-07-07 18:00:00,80.0,66.0,72.0,146.0,152.0,12,319
320,1480,690,690-2026-07-07-L02,ride_hailing,6.0,nine_zone_representative|all|2026-07-07T18:30,2026-07-07 18:30:00,2026-07-07 18:30:00,80.0,0.0,6.0,80.0,86.0,1,320
321,1489,384,384-2026-07-07-L02,ride_hailing,6.0,nine_zone_representative|all|2026-07-07T18:30,2026-07-07 18:30:00,2026-07-07 18:30:00,80.0,6.0,12.0,86.0,92.0,2,321
322,1497,16,16-2026-07-07-L02,ride_hailing,6.0,nine_zone_representative|all|2026-07-07T18:30,2026-07-07 18:30:00,2026-07-07 18:30:00,80.0,12.0,18.0,92.0,98.0,3,322
323,1503,244,244-2026-07-07-L02,ride_hailing,6.0,nine_zone_representative|all|2026-07-07T18:30,2026-07-07 18:30:00,2026-07-07 18:30:00,80.0,18.0,24.0,98.0,104.0,4,323
324,1505,218,218-2026-07-07-L02,ride_hailing,6.0,nine_zone_representative|all|2026-07-07T18:30,2026-07-07 18:30:00,2026-07-07 18:30:00,80.0,24.0,30.0,104.0,110.0,5,324
325,1527,318,318-2026-07-07-L02,ride_hailing,6.0,nine_zone_representative|all|2026-07-07T18:30,2026-07-07 18:30:00,2026-07-07 18:30:00,80.0,30.0,36.0,110.0,116.0,6,325
326,1534,117,117-2026-07-07-L02,ride_hailing,6.0,nine_zone_representative|all|2026-07-07T18:30,2026-07-07 18:30:00,2026-07-07 18:30:00,80.0,36.0,42.0,116.0,122.0,7,326
327,1541,51,51-2026-07-07-L02,ride_hailing,6.0,nine_zone_representative|all|2026-07-07T18:30,2026-07-07 18:30:00,2026-07-07 18:30:00,80.0,42.0,48.0,122.0,128.0,8,327
328,1542,276,276-2026-07-07-L02,ride_hailing,6.0,nine_zone_representative|all|2026-07-07T18:30,2026-07-07 18:30:00,2026-07-07 18:30:00,80.0,48.0,54.0,128.0,134.0,9,328
329,1546,14,14-2026-07-07-L02,ride_hailing,6.0,nine_zone_representative|all|2026-07-07T18:30,2026-07-07 18:30:00,2026-07-07 18:30:00,80.0,54.0,60.0,134.0,140.0,10,329
330,1568,190,190-2026-07-07-L02,ride_hailing,6.0,nine_zone_representative|all|2026-07-07T18:30,2026-07-07 18:30:00,2026-07-07 18:30:00,80.0,60.0,66.0,140.0,146.0,11,330
331,1570,50,50-2026-07-07-L02,ride_hailing,6.0,nine_zone_representative|all|2026-07-07T18:30,2026-07-07 18:30:00,2026-07-07 18:30:00,80.0,66.0,72.0,146.0,152.0,12,331
332,1576,344,344-2026-07-07-L02,ride_hailing,6.0,nine_zone_representative|all|2026-07-07T18:30,2026-07-07 18:33:01.080000,2026-07-07 18:30:00,80.0,72.0,78.0,152.0,158.0,13,332
333,1579,152,152-2026-07-07-L02,ride_hailing,6.0,nine_zone_representative|all|2026-07-07T18:30,2026-07-07 18:34:43.980000,2026-07-07 18:30:00,80.0,78.0,84.0,158.0,164.0,14,333
334,1580,259,259-2026-07-07-L02,ride_hailing,6.0,nine_zone_representative|all|2026-07-07T18:30,2026-07-07 18:36:47.220000,2026-07-07 18:30:00,80.0,84.0,90.0,164.0,170.0,15,334
335,1585,312,312-2026-07-07-L02,ride_hailing,6.0,nine_zone_representative|all|2026-07-07T18:30,2026-07-07 18:42:44.100000,2026-07-07 18:30:00,80.0,90.0,96.0,170.0,176.0,16,335
336,1587,222,222-2026-07-07-L02,ride_hailing,6.0,nine_zone_representative|all|2026-07-07T18:30,2026-07-07 18:45:09.300000,2026-07-07 18:30:00,80.0,96.0,102.0,176.0,182.0,17,336
337,1592,43,43-2026-07-07-L02,ride_hailing,6.0,nine_zone_representative|all|2026-07-07T18:30,2026-07-07 18:51:34.740000,2026-07-07 18:30:00,80.0,102.0,108.0,182.0,188.0,18,337
338,1596,54,54-2026-07-07-L02,ride_hailing,6.0,nine_zone_representative|all|2026-07-07T18:30,2026-07-07 18:58:01.560000,2026-07-07 18:30:00,80.0,108.0,114.0,188.0,194.0,19,338
339,1599,174,174-2026-07-07-L02,ride_hailing,6.0,nine_zone_representative|all|2026-07-07T19:00,2026-07-07 19:00:00,2026-07-07 19:00:00,56.470588235294116,0.0,6.0,56.470588235294116,62.470588235294116,1,339
340,1601,243,243-2026-07-07-L02,ride_hailing,6.0,nine_zone_representative|all|2026-07-07T19:00,2026-07-07 19:00:00,2026-07-07 19:00:00,56.470588235294116,6.0,12.0,62.470588235294116,68.47058823529412,2,340
341,1604,128,128-2026-07-07-L02,ride_hailing,6.0,nine_zone_representative|all|2026-07-07T19:00,2026-07-07 19:00:00,2026-07-07 19:00:00,56.470588235294116,12.0,18.0,68.47058823529412,74.47058823529412,3,341
342,1607,136,136-2026-07-07-L02,ride_hailing,6.0,nine_zone_representative|all|2026-07-07T19:00,2026-07-07 19:00:00,2026-07-07 19:00:00,56.470588235294116,18.0,24.0,74.47058823529412,80.47058823529412,4,342
343,1614,324,324-2026-07-07-L02,ride_hailing,6.0,nine_zone_representative|all|2026-07-07T19:00,2026-07-07 19:00:00,2026-07-07 19:00:00,56.470588235294116,24.0,30.0,80.47058823529412,86.47058823529412,5,343
344,1616,308,308-2026-07-07-L02,ride_hailing,6.0,nine_zone_representative|all|2026-07-07T19:00,2026-07-07 19:00:00,2026-07-07 19:00:00,56.470588235294116,30.0,36.0,86.47058823529412,92.47058823529412,6,344
345,1617,301,301-2026-07-07-L02,ride_hailing,6.0,nine_zone_representative|all|2026-07-07T19:00,2026-07-07 19:00:00,2026-07-07 19:00:00,56.470588235294116,36.0,42.0,92.47058823529412,98.47058823529412,7,345
346,1619,300,300-2026-07-07-L02,ride_hailing,6.0,nine_zone_representative|all|2026-07-07T19:00,2026-07-07 19:00:00,2026-07-07 19:00:00,56.470588235294116,42.0,48.0,98.47058823529412,104.47058823529412,8,346
347,1620,664,664-2026-07-07-L02,ride_hailing,6.0,nine_zone_representative|all|2026-07-07T19:00,2026-07-07 19:00:00,2026-07-07 19:00:00,56.470588235294116,48.0,54.0,104.47058823529412,110.47058823529412,9,347
348,1621,188,188-2026-07-07-L02,ride_hailing,6.0,nine_zone_representative|all|2026-07-07T19:00,2026-07-07 19:00:00,2026-07-07 19:00:00,56.470588235294116,54.0,60.0,110.47058823529412,116.47058823529412,10,348
349,1623,576,576-2026-07-07-L02,ride_hailing,6.0,nine_zone_representative|all|2026-07-07T19:00,2026-07-07 19:00:00,2026-07-07 19:00:00,56.470588235294116,60.0,66.0,116.47058823529412,122.47058823529412,11,349
350,1626,671,671-2026-07-07-L02,ride_hailing,6.0,nine_zone_representative|all|2026-07-07T19:00,2026-07-07 19:00:00,2026-07-07 19:00:00,56.470588235294116,66.0,72.0,122.47058823529412,128.47058823529412,12,350
351,1634,168,168-2026-07-07-L02,ride_hailing,6.0,nine_zone_representative|all|2026-07-07T19:00,2026-07-07 19:00:00,2026-07-07 19:00:00,56.470588235294116,72.0,78.0,128.47058823529412,134.47058823529412,13,351
352,1641,659,659-2026-07-07-L02,ride_hailing,6.0,nine_zone_representative|all|2026-07-07T19:00,2026-07-07 19:00:00,2026-07-07 19:00:00,56.470588235294116,78.0,84.0,134.47058823529412,140.47058823529412,14,352
353,1644,726,726-2026-07-07-L02,ride_hailing,6.0,nine_zone_representative|all|2026-07-07T19:00,2026-07-07 19:00:00,2026-07-07 19:00:00,56.470588235294116,84.0,90.0,140.47058823529412,146.47058823529412,15,353
354,1645,383,383-2026-07-07-L02,ride_hailing,6.0,nine_zone_representative|all|2026-07-07T19:00,2026-07-07 19:00:00,2026-07-07 19:00:00,56.470588235294116,90.0,96.0,146.47058823529412,152.47058823529412,16,354
355,1654,287,287-2026-07-07-L02,ride_hailing,6.0,nine_zone_representative|all|2026-07-07T19:00,2026-07-07 19:00:00,2026-07-07 19:00:00,56.470588235294116,96.0,102.0,152.47058823529412,158.47058823529412,17,355
356,1655,523,523-2026-07-07-L02,ride_hailing,6.0,nine_zone_representative|all|2026-07-07T19:00,2026-07-07 19:00:00,2026-07-07 19:00:00,56.470588235294116,102.0,108.0,158.47058823529412,164.47058823529412,18,356
357,1658,99,99-2026-07-07-L02,ride_hailing,6.0,nine_zone_representative|all|2026-07-07T19:00,2026-07-07 19:00:00,2026-07-07 19:00:00,56.470588235294116,108.0,114.0,164.47058823529412,170.47058823529412,19,357
358,1660,144,144-2026-07-07-L02,ride_hailing,6.0,nine_zone_representative|all|2026-07-07T19:00,2026-07-07 19:00:00,2026-07-07 19:00:00,56.470588235294116,114.0,120.0,170.47058823529412,176.47058823529412,20,358
359,1666,108,108-2026-07-07-L02,ride_hailing,6.0,nine_zone_representative|all|2026-07-07T19:00,2026-07-07 19:00:00,2026-07-07 19:00:00,56.470588235294116,120.0,126.0,176.47058823529412,182.47058823529412,21,359
360,1675,343,343-2026-07-07-L02,ride_hailing,6.0,nine_zone_representative|all|2026-07-07T19:00,2026-07-07 19:00:00,2026-07-07 19:00:00,56.470588235294116,126.0,132.0,182.47058823529412,188.47058823529412,22,360
361,1679,113,113-2026-07-07-L02,ride_hailing,6.0,nine_zone_representative|all|2026-07-07T19:00,2026-07-07 19:07:54.600000,2026-07-07 19:00:00,56.470588235294116,132.0,138.0,188.47058823529412,194.47058823529412,23,361
362,1680,633,633-2026-07-07-L02,ride_hailing,6.0,nine_zone_representative|all|2026-07-07T19:00,2026-07-07 19:13:18.600000,2026-07-07 19:00:00,56.470588235294116,138.0,144.0,194.47058823529412,200.47058823529412,24,362
363,1683,153,153-2026-07-07-L02,ride_hailing,6.0,nine_zone_representative|all|2026-07-07T19:00,2026-07-07 19:19:56.460000,2026-07-07 19:00:00,56.470588235294116,144.0,150.0,200.47058823529412,206.47058823529412,25,363
364,1685,197,197-2026-07-07-L02,ride_hailing,6.0,nine_zone_representative|all|2026-07-07T19:00,2026-07-07 19:23:01.800000,2026-07-07 19:00:00,56.470588235294116,150.0,156.0,206.47058823529412,212.47058823529412,26,364
365,1688,13,13-2026-07-07-L02,ride_hailing,6.0,nine_zone_representative|all|2026-07-07T19:00,2026-07-07 19:25:32.880000,2026-07-07 19:00:00,56.470588235294116,156.0,162.0,212.47058823529412,218.47058823529412,27,365
366,1691,503,503-2026-07-07-L02,ride_hailing,6.0,nine_zone_representative|all|2026-07-07T19:30,2026-07-07 19:30:00,2026-07-07 19:30:00,56.470588235294116,0.0,6.0,56.470588235294116,62.470588235294116,1,366
367,1692,229,229-2026-07-07-L02,ride_hailing,6.0,nine_zone_representative|all|2026-07-07T19:30,2026-07-07 19:30:00,2026-07-07 19:30:00,56.470588235294116,6.0,12.0,62.470588235294116,68.47058823529412,2,367
368,1693,399,399-2026-07-07-L02,ride_hailing,6.0,nine_zone_representative|all|2026-07-07T19:30,2026-07-07 19:30:00,2026-07-07 19:30:00,56.470588235294116,12.0,18.0,68.47058823529412,74.47058823529412,3,368
369,1702,592,592-2026-07-07-L02,ride_hailing,6.0,nine_zone_representative|all|2026-07-07T19:30,2026-07-07 19:30:00,2026-07-07 19:30:00,56.470588235294116,18.0,24.0,74.47058823529412,80.47058823529412,4,369
370,1707,175,175-2026-07-07-L02,ride_hailing,6.0,nine_zone_representative|all|2026-07-07T19:30,2026-07-07 19:30:00,2026-07-07 19:30:00,56.470588235294116,24.0,30.0,80.47058823529412,86.47058823529412,5,370
371,1710,87,87-2026-07-07-L02,ride_hailing,6.0,nine_zone_representative|all|2026-07-07T19:30,2026-07-07 19:30:00,2026-07-07 19:30:00,56.470588235294116,30.0,36.0,86.47058823529412,92.47058823529412,6,371
372,1712,2,2-2026-07-07-L02,ride_hailing,6.0,nine_zone_representative|all|2026-07-07T19:30,2026-07-07 19:30:00,2026-07-07 19:30:00,56.470588235294116,36.0,42.0,92.47058823529412,98.47058823529412,7,372
373,1714,474,474-2026-07-07-L02,ride_hailing,6.0,nine_zone_representative|all|2026-07-07T19:30,2026-07-07 19:30:00,2026-07-07 19:30:00,56.470588235294116,42.0,48.0,98.47058823529412,104.47058823529412,8,373
374,1718,685,685-2026-07-07-L02,ride_hailing,6.0,nine_zone_representative|all|2026-07-07T19:30,2026-07-07 19:30:00,2026-07-07 19:30:00,56.470588235294116,48.0,54.0,104.47058823529412,110.47058823529412,9,374
375,1720,121,121-2026-07-07-L02,ride_hailing,6.0,nine_zone_representative|all|2026-07-07T19:30,2026-07-07 19:30:00,2026-07-07 19:30:00,56.470588235294116,54.0,60.0,110.47058823529412,116.47058823529412,10,375
376,1726,125,125-2026-07-07-L02,ride_hailing,6.0,nine_zone_representative|all|2026-07-07T19:30,2026-07-07 19:30:00,2026-07-07 19:30:00,56.470588235294116,60.0,66.0,116.47058823529412,122.47058823529412,11,376
377,1735,65,65-2026-07-07-L02,ride_hailing,6.0,nine_zone_representative|all|2026-07-07T19:30,2026-07-07 19:30:00,2026-07-07 19:30:00,56.470588235294116,66.0,72.0,122.47058823529412,128.47058823529412,12,377
378,1737,4,4-2026-07-07-L02,ride_hailing,6.0,nine_zone_representative|all|2026-07-07T19:30,2026-07-07 19:30:00,2026-07-07 19:30:00,56.470588235294116,72.0,78.0,128.47058823529412,134.47058823529412,13,378
379,1749,116,116-2026-07-07-L02,ride_hailing,6.0,nine_zone_representative|all|2026-07-07T19:30,2026-07-07 19:30:00,2026-07-07 19:30:00,56.470588235294116,78.0,84.0,134.47058823529412,140.47058823529412,14,379
380,1752,203,203-2026-07-07-L02,ride_hailing,6.0,nine_zone_representative|all|2026-07-07T19:30,2026-07-07 19:30:00,2026-07-07 19:30:00,56.470588235294116,84.0,90.0,140.47058823529412,146.47058823529412,15,380
381,1753,321,321-2026-07-07-L01,ride_hailing,6.0,nine_zone_representative|all|2026-07-07T19:30,2026-07-07 19:30:11.220000,2026-07-07 19:30:00,56.470588235294116,90.0,96.0,146.47058823529412,152.47058823529412,16,381
382,1756,199,199-2026-07-07-L02,ride_hailing,6.0,nine_zone_representative|all|2026-07-07T19:30,2026-07-07 19:36:39.240000,2026-07-07 19:30:00,56.470588235294116,96.0,102.0,152.47058823529412,158.47058823529412,17,382
383,1757,668,668-2026-07-07-L02,ride_hailing,6.0,nine_zone_representative|all|2026-07-07T19:30,2026-07-07 19:36:39.540000,2026-07-07 19:30:00,56.470588235294116,102.0,108.0,158.47058823529412,164.47058823529412,18,383
384,1759,380,380-2026-07-07-L02,ride_hailing,6.0,nine_zone_representative|all|2026-07-07T19:30,2026-07-07 19:40:51.480000,2026-07-07 19:30:00,56.470588235294116,108.0,114.0,164.47058823529412,170.47058823529412,19,384
385,1760,310,310-2026-07-07-L02,ride_hailing,6.0,nine_zone_representative|all|2026-07-07T19:30,2026-07-07 19:43:10.800000,2026-07-07 19:30:00,56.470588235294116,114.0,120.0,170.47058823529412,176.47058823529412,20,385
386,1762,182,182-2026-07-07-L02,ride_hailing,6.0,nine_zone_representative|all|2026-07-07T19:30,2026-07-07 19:54:36.720000,2026-07-07 19:30:00,56.470588235294116,120.0,126.0,176.47058823529412,182.47058823529412,21,386
387,1764,178,178-2026-07-07-L02,ride_hailing,6.0,nine_zone_representative|all|2026-07-07T19:30,2026-07-07 19:56:57,2026-07-07 19:30:00,56.470588235294116,126.0,132.0,182.47058823529412,188.47058823529412,22,387
388,1765,146,146-2026-07-07-L02,ride_hailing,6.0,nine_zone_representative|all|2026-07-07T19:30,2026-07-07 19:57:43.020000,2026-07-07 19:30:00,56.470588235294116,132.0,138.0,188.47058823529412,194.47058823529412,23,388
389,1766,209,209-2026-07-07-L03,ride_hailing,6.0,nine_zone_representative|all|2026-07-07T20:00,2026-07-07 20:00:00,2026-07-07 20:00:00,24.0,0.0,6.0,24.0,30.0,1,389
390,1770,345,345-2026-07-07-L03,ride_hailing,6.0,nine_zone_representative|all|2026-07-07T20:00,2026-07-07 20:00:00,2026-07-07 20:00:00,24.0,6.0,12.0,30.0,36.0,2,390
391,1772,214,214-2026-07-07-L02,ride_hailing,6.0,nine_zone_representative|all|2026-07-07T20:00,2026-07-07 20:00:00,2026-07-07 20:00:00,24.0,12.0,18.0,36.0,42.0,3,391
392,1773,70,70-2026-07-07-L02,ride_hailing,6.0,nine_zone_representative|all|2026-07-07T20:00,2026-07-07 20:00:00,2026-07-07 20:00:00,24.0,18.0,24.0,42.0,48.0,4,392
393,1787,382,382-2026-07-07-L02,ride_hailing,6.0,nine_zone_representative|all|2026-07-07T20:00,2026-07-07 20:00:00,2026-07-07 20:00:00,24.0,24.0,30.0,48.0,54.0,5,393
394,1792,650,650-2026-07-07-L02,ride_hailing,6.0,nine_zone_representative|all|2026-07-07T20:00,2026-07-07 20:00:00,2026-07-07 20:00:00,24.0,30.0,36.0,54.0,60.0,6,394
395,1794,681,681-2026-07-07-L03,ride_hailing,6.0,nine_zone_representative|all|2026-07-07T20:00,2026-07-07 20:00:00,2026-07-07 20:00:00,24.0,36.0,42.0,60.0,66.0,7,395
396,1799,184,184-2026-07-07-L02,ride_hailing,6.0,nine_zone_representative|all|2026-07-07T20:00,2026-07-07 20:00:00,2026-07-07 20:00:00,24.0,42.0,48.0,66.0,72.0,8,396
397,1806,119,119-2026-07-07-L03,ride_hailing,6.0,nine_zone_representative|all|2026-07-07T20:00,2026-07-07 20:00:00,2026-07-07 20:00:00,24.0,48.0,54.0,72.0,78.0,9,397
398,1809,524,524-2026-07-07-L04,ride_hailing,6.0,nine_zone_representative|all|2026-07-07T20:00,2026-07-07 20:00:00,2026-07-07 20:00:00,24.0,54.0,60.0,78.0,84.0,10,398
399,1810,54,54-2026-07-07-L03,ride_hailing,6.0,nine_zone_representative|all|2026-07-07T20:00,2026-07-07 20:00:00,2026-07-07 20:00:00,24.0,60.0,66.0,84.0,90.0,11,399
400,1813,181,181-2026-07-07-L02,ride_hailing,6.0,nine_zone_representative|all|2026-07-07T20:00,2026-07-07 20:00:13.800000,2026-07-07 20:00:00,24.0,66.0,72.0,90.0,96.0,12,400
401,1814,319,319-2026-07-07-L02,ride_hailing,6.0,nine_zone_representative|all|2026-07-07T20:00,2026-07-07 20:08:14.220000,2026-07-07 20:00:00,24.0,72.0,78.0,96.0,102.0,13,401
402,1815,298,298-2026-07-07-L02,ride_hailing,6.0,nine_zone_representative|all|2026-07-07T20:00,2026-07-07 20:11:19.920000,2026-07-07 20:00:00,24.0,78.0,84.0,102.0,108.0,14,402
403,1818,365,365-2026-07-07-L02,ride_hailing,6.0,nine_zone_representative|all|2026-07-07T20:00,2026-07-07 20:20:00.720000,2026-07-07 20:00:00,24.0,84.0,90.0,108.0,114.0,15,403
404,1819,10,10-2026-07-07-L02,ride_hailing,6.0,nine_zone_representative|all|2026-07-07T20:00,2026-07-07 20:21:10.980000,2026-07-07 20:00:00,24.0,90.0,96.0,114.0,120.0,16,404
405,1820,221,221-2026-07-07-L02,ride_hailing,6.0,nine_zone_representative|all|2026-07-07T20:00,2026-07-07 20:21:18.600000,2026-07-07 20:00:00,24.0,96.0,102.0,120.0,126.0,17,405
406,1822,100,100-2026-07-07-L02,ride_hailing,6.0,nine_zone_representative|all|2026-07-07T20:00,2026-07-07 20:25:05.760000,2026-07-07 20:00:00,24.0,102.0,108.0,126.0,132.0,18,406
407,1825,429,429-2026-07-07-L02,ride_hailing,6.0,nine_zone_representative|all|2026-07-07T20:30,2026-07-07 20:30:00,2026-07-07 20:30:00,24.0,0.0,6.0,24.0,30.0,1,407
408,1826,495,495-2026-07-07-L03,ride_hailing,6.0,nine_zone_representative|all|2026-07-07T20:30,2026-07-07 20:30:00,2026-07-07 20:30:00,24.0,6.0,12.0,30.0,36.0,2,408
409,1829,379,379-2026-07-07-L03,ride_hailing,6.0,nine_zone_representative|all|2026-07-07T20:30,2026-07-07 20:30:00,2026-07-07 20:30:00,24.0,12.0,18.0,36.0,42.0,3,409
410,1830,265,265-2026-07-07-L02,ride_hailing,6.0,nine_zone_representative|all|2026-07-07T20:30,2026-07-07 20:30:00,2026-07-07 20:30:00,24.0,18.0,24.0,42.0,48.0,4,410
411,1836,247,247-2026-07-07-L02,ride_hailing,6.0,nine_zone_representative|all|2026-07-07T20:30,2026-07-07 20:30:00,2026-07-07 20:30:00,24.0,24.0,30.0,48.0,54.0,5,411
412,1846,334,334-2026-07-07-L03,ride_hailing,6.0,nine_zone_representative|all|2026-07-07T20:30,2026-07-07 20:30:00,2026-07-07 20:30:00,24.0,30.0,36.0,54.0,60.0,6,412
413,1849,387,387-2026-07-07-L02,ride_hailing,6.0,nine_zone_representative|all|2026-07-07T20:30,2026-07-07 20:30:00,2026-07-07 20:30:00,24.0,36.0,42.0,60.0,66.0,7,413
414,1850,84,84-2026-07-07-L02,ride_hailing,6.0,nine_zone_representative|all|2026-07-07T20:30,2026-07-07 20:30:00,2026-07-07 20:30:00,24.0,42.0,48.0,66.0,72.0,8,414
415,1853,27,27-2026-07-07-L03,ride_hailing,6.0,nine_zone_representative|all|2026-07-07T20:30,2026-07-07 20:30:00,2026-07-07 20:30:00,24.0,48.0,54.0,72.0,78.0,9,415
416,1862,19,19-2026-07-07-L02,ride_hailing,6.0,nine_zone_representative|all|2026-07-07T20:30,2026-07-07 20:30:00,2026-07-07 20:30:00,24.0,54.0,60.0,78.0,84.0,10,416
417,1863,321,321-2026-07-07-L02,ride_hailing,6.0,nine_zone_representative|all|2026-07-07T20:30,2026-07-07 20:30:00,2026-07-07 20:30:00,24.0,60.0,66.0,84.0,90.0,11,417
418,1868,669,669-2026-07-07-L03,ride_hailing,6.0,nine_zone_representative|all|2026-07-07T20:30,2026-07-07 20:30:00,2026-07-07 20:30:00,24.0,66.0,72.0,90.0,96.0,12,418
419,1870,231,231-2026-07-07-L02,ride_hailing,6.0,nine_zone_representative|all|2026-07-07T20:30,2026-07-07 20:30:00,2026-07-07 20:30:00,24.0,72.0,78.0,96.0,102.0,13,419
420,1871,164,164-2026-07-07-L02,ride_hailing,6.0,nine_zone_representative|all|2026-07-07T20:30,2026-07-07 20:30:00,2026-07-07 20:30:00,24.0,78.0,84.0,102.0,108.0,14,420
421,1872,476,476-2026-07-07-L03,ride_hailing,6.0,nine_zone_representative|all|2026-07-07T20:30,2026-07-07 20:30:00,2026-07-07 20:30:00,24.0,84.0,90.0,108.0,114.0,15,421
422,1874,219,219-2026-07-07-L02,ride_hailing,6.0,nine_zone_representative|all|2026-07-07T20:30,2026-07-07 20:30:00,2026-07-07 20:30:00,24.0,90.0,96.0,114.0,120.0,16,422
423,1876,604,604-2026-07-07-L03,ride_hailing,6.0,nine_zone_representative|all|2026-07-07T20:30,2026-07-07 20:30:00,2026-07-07 20:30:00,24.0,96.0,102.0,120.0,126.0,17,423
424,1883,691,691-2026-07-07-L03,ride_hailing,6.0,nine_zone_representative|all|2026-07-07T20:30,2026-07-07 20:30:00,2026-07-07 20:30:00,24.0,102.0,108.0,126.0,132.0,18,424
425,1884,398,398-2026-07-07-L02,ride_hailing,6.0,nine_zone_representative|all|2026-07-07T20:30,2026-07-07 20:32:27.720000,2026-07-07 20:30:00,24.0,108.0,114.0,132.0,138.0,19,425
426,1885,169,169-2026-07-07-L02,ride_hailing,6.0,nine_zone_representative|all|2026-07-07T20:30,2026-07-07 20:37:08.820000,2026-07-07 20:30:00,24.0,114.0,120.0,138.0,144.0,20,426
427,1886,304,304-2026-07-07-L02,ride_hailing,6.0,nine_zone_representative|all|2026-07-07T20:30,2026-07-07 20:42:10.860000,2026-07-07 20:30:00,24.0,120.0,126.0,144.0,150.0,21,427
428,1889,126,126-2026-07-07-L02,ride_hailing,6.0,nine_zone_representative|all|2026-07-07T20:30,2026-07-07 20:55:00.120000,2026-07-07 20:30:00,24.0,126.0,132.0,150.0,156.0,22,428
429,1890,88,88-2026-07-07-L03,ride_hailing,6.0,nine_zone_representative|all|2026-07-07T20:30,2026-07-07 20:56:34.260000,2026-07-07 20:30:00,24.0,132.0,138.0,156.0,162.0,23,429
430,1891,363,363-2026-07-07-L02,ride_hailing,6.0,nine_zone_representative|all|2026-07-07T20:30,2026-07-07 20:56:48.360000,2026-07-07 20:30:00,24.0,138.0,144.0,162.0,168.0,24,430
431,1893,310,310-2026-07-07-L03,ride_hailing,6.0,nine_zone_representative|all|2026-07-07T21:00,2026-07-07 21:00:00,2026-07-07 21:00:00,24.0,0.0,6.0,24.0,30.0,1,431
432,1895,392,392-2026-07-07-L03,ride_hailing,6.0,nine_zone_representative|all|2026-07-07T21:00,2026-07-07 21:00:00,2026-07-07 21:00:00,24.0,6.0,12.0,30.0,36.0,2,432
433,1896,224,224-2026-07-07-L03,ride_hailing,6.0,nine_zone_representative|all|2026-07-07T21:00,2026-07-07 21:00:00,2026-07-07 21:00:00,24.0,12.0,18.0,36.0,42.0,3,433
434,1897,113,113-2026-07-07-L03,ride_hailing,6.0,nine_zone_representative|all|2026-07-07T21:00,2026-07-07 21:00:00,2026-07-07 21:00:00,24.0,18.0,24.0,42.0,48.0,4,434
435,1899,280,280-2026-07-07-L03,ride_hailing,6.0,nine_zone_representative|all|2026-07-07T21:00,2026-07-07 21:00:00,2026-07-07 21:00:00,24.0,24.0,30.0,48.0,54.0,5,435
436,1900,326,326-2026-07-07-L03,ride_hailing,6.0,nine_zone_representative|all|2026-07-07T21:00,2026-07-07 21:00:00,2026-07-07 21:00:00,24.0,30.0,36.0,54.0,60.0,6,436
437,1901,213,213-2026-07-07-L03,ride_hailing,6.0,nine_zone_representative|all|2026-07-07T21:00,2026-07-07 21:00:00,2026-07-07 21:00:00,24.0,36.0,42.0,60.0,66.0,7,437
438,1902,309,309-2026-07-07-L03,ride_hailing,6.0,nine_zone_representative|all|2026-07-07T21:00,2026-07-07 21:00:00,2026-07-07 21:00:00,24.0,42.0,48.0,66.0,72.0,8,438
439,1903,17,17-2026-07-07-L03,ride_hailing,6.0,nine_zone_representative|all|2026-07-07T21:00,2026-07-07 21:00:00,2026-07-07 21:00:00,24.0,48.0,54.0,72.0,78.0,9,439
440,1905,152,152-2026-07-07-L03,ride_hailing,6.0,nine_zone_representative|all|2026-07-07T21:00,2026-07-07 21:00:00,2026-07-07 21:00:00,24.0,54.0,60.0,78.0,84.0,10,440
441,1906,13,13-2026-07-07-L03,ride_hailing,6.0,nine_zone_representative|all|2026-07-07T21:00,2026-07-07 21:00:00,2026-07-07 21:00:00,24.0,60.0,66.0,84.0,90.0,11,441
442,1907,212,212-2026-07-07-L03,ride_hailing,6.0,nine_zone_representative|all|2026-07-07T21:00,2026-07-07 21:00:00,2026-07-07 21:00:00,24.0,66.0,72.0,90.0,96.0,12,442
443,1908,199,199-2026-07-07-L03,ride_hailing,6.0,nine_zone_representative|all|2026-07-07T21:00,2026-07-07 21:00:00,2026-07-07 21:00:00,24.0,72.0,78.0,96.0,102.0,13,443
444,1909,371,371-2026-07-07-L03,ride_hailing,6.0,nine_zone_representative|all|2026-07-07T21:00,2026-07-07 21:00:00,2026-07-07 21:00:00,24.0,78.0,84.0,102.0,108.0,14,444
445,1910,110,110-2026-07-07-L03,ride_hailing,6.0,nine_zone_representative|all|2026-07-07T21:00,2026-07-07 21:00:00,2026-07-07 21:00:00,24.0,84.0,90.0,108.0,114.0,15,445
446,1911,64,64-2026-07-07-L03,ride_hailing,6.0,nine_zone_representative|all|2026-07-07T21:00,2026-07-07 21:01:21,2026-07-07 21:00:00,24.0,90.0,96.0,114.0,120.0,16,446
447,1913,189,189-2026-07-07-L03,ride_hailing,6.0,nine_zone_representative|all|2026-07-07T21:00,2026-07-07 21:05:09.180000,2026-07-07 21:00:00,24.0,96.0,102.0,120.0,126.0,17,447
448,1915,344,344-2026-07-07-L03,ride_hailing,6.0,nine_zone_representative|all|2026-07-07T21:30,2026-07-07 21:30:00,2026-07-07 21:30:00,24.0,0.0,6.0,24.0,30.0,1,448
449,1917,253,253-2026-07-07-L03,ride_hailing,6.0,nine_zone_representative|all|2026-07-07T21:30,2026-07-07 21:30:00,2026-07-07 21:30:00,24.0,6.0,12.0,30.0,36.0,2,449
450,1922,150,150-2026-07-07-L03,ride_hailing,6.0,nine_zone_representative|all|2026-07-07T21:30,2026-07-07 21:30:00,2026-07-07 21:30:00,24.0,12.0,18.0,36.0,42.0,3,450
451,1928,242,242-2026-07-07-L03,ride_hailing,6.0,nine_zone_representative|all|2026-07-07T22:00,2026-07-07 22:00:00,2026-07-07 22:00:00,24.0,0.0,6.0,24.0,30.0,1,451
452,1932,138,138-2026-07-07-L03,ride_hailing,6.0,nine_zone_representative|all|2026-07-07T22:00,2026-07-07 22:00:00,2026-07-07 22:00:00,24.0,6.0,12.0,30.0,36.0,2,452
453,1934,264,264-2026-07-07-L03,ride_hailing,6.0,nine_zone_representative|all|2026-07-07T22:00,2026-07-07 22:00:00,2026-07-07 22:00:00,24.0,12.0,18.0,36.0,42.0,3,453
454,1935,356,356-2026-07-07-L03,ride_hailing,6.0,nine_zone_representative|all|2026-07-07T22:00,2026-07-07 22:00:00,2026-07-07 22:00:00,24.0,18.0,24.0,42.0,48.0,4,454
455,1937,298,298-2026-07-07-L03,ride_hailing,6.0,nine_zone_representative|all|2026-07-07T22:00,2026-07-07 22:00:00,2026-07-07 22:00:00,24.0,24.0,30.0,48.0,54.0,5,455
456,1941,363,363-2026-07-07-L03,ride_hailing,6.0,nine_zone_representative|all|2026-07-07T22:00,2026-07-07 22:00:00,2026-07-07 22:00:00,24.0,30.0,36.0,54.0,60.0,6,456
457,1947,169,169-2026-07-07-L03,ride_hailing,6.0,nine_zone_representative|all|2026-07-07T22:00,2026-07-07 22:00:00,2026-07-07 22:00:00,24.0,36.0,42.0,60.0,66.0,7,457
458,1948,197,197-2026-07-07-L03,ride_hailing,6.0,nine_zone_representative|all|2026-07-07T22:00,2026-07-07 22:00:00,2026-07-07 22:00:00,24.0,42.0,48.0,66.0,72.0,8,458
459,1950,399,399-2026-07-07-L03,ride_hailing,6.0,nine_zone_representative|all|2026-07-07T22:00,2026-07-07 22:00:00,2026-07-07 22:00:00,24.0,48.0,54.0,72.0,78.0,9,459
460,1953,118,118-2026-07-07-L03,ride_hailing,6.0,nine_zone_representative|all|2026-07-07T22:00,2026-07-07 22:00:00,2026-07-07 22:00:00,24.0,54.0,60.0,78.0,84.0,10,460
461,1955,39,39-2026-07-07-L03,ride_hailing,6.0,nine_zone_representative|all|2026-07-07T22:00,2026-07-07 22:00:00,2026-07-07 22:00:00,24.0,60.0,66.0,84.0,90.0,11,461
462,1956,313,313-2026-07-07-L03,ride_hailing,6.0,nine_zone_representative|all|2026-07-07T22:00,2026-07-07 22:00:00,2026-07-07 22:00:00,24.0,66.0,72.0,90.0,96.0,12,462
463,1957,153,153-2026-07-07-L03,ride_hailing,6.0,nine_zone_representative|all|2026-07-07T22:00,2026-07-07 22:00:00,2026-07-07 22:00:00,24.0,72.0,78.0,96.0,102.0,13,463
464,1958,260,260-2026-07-07-L03,ride_hailing,6.0,nine_zone_representative|all|2026-07-07T22:00,2026-07-07 22:00:00,2026-07-07 22:00:00,24.0,78.0,84.0,102.0,108.0,14,464
465,1959,220,220-2026-07-07-L03,ride_hailing,6.0,nine_zone_representative|all|2026-07-07T22:00,2026-07-07 22:00:00,2026-07-07 22:00:00,24.0,84.0,90.0,108.0,114.0,15,465
466,1960,100,100-2026-07-07-L03,ride_hailing,6.0,nine_zone_representative|all|2026-07-07T22:00,2026-07-07 22:00:00,2026-07-07 22:00:00,24.0,90.0,96.0,114.0,120.0,16,466
467,1961,306,306-2026-07-07-L03,ride_hailing,6.0,nine_zone_representative|all|2026-07-07T22:00,2026-07-07 22:00:00,2026-07-07 22:00:00,24.0,96.0,102.0,120.0,126.0,17,467
468,1962,339,339-2026-07-07-L03,ride_hailing,6.0,nine_zone_representative|all|2026-07-07T22:00,2026-07-07 22:00:00,2026-07-07 22:00:00,24.0,102.0,108.0,126.0,132.0,18,468
469,1963,365,365-2026-07-07-L03,ride_hailing,6.0,nine_zone_representative|all|2026-07-07T22:00,2026-07-07 22:00:00,2026-07-07 22:00:00,24.0,108.0,114.0,132.0,138.0,19,469
470,1964,267,267-2026-07-07-L03,ride_hailing,6.0,nine_zone_representative|all|2026-07-07T22:00,2026-07-07 22:00:00,2026-07-07 22:00:00,24.0,114.0,120.0,138.0,144.0,20,470
471,1970,304,304-2026-07-07-L03,ride_hailing,6.0,nine_zone_representative|all|2026-07-07T22:30,2026-07-07 22:30:00,2026-07-07 22:30:00,24.0,0.0,6.0,24.0,30.0,1,471
472,1971,171,171-2026-07-07-L03,ride_hailing,6.0,nine_zone_representative|all|2026-07-07T22:30,2026-07-07 22:30:00,2026-07-07 22:30:00,24.0,6.0,12.0,30.0,36.0,2,472
473,1973,200,200-2026-07-07-L03,ride_hailing,6.0,nine_zone_representative|all|2026-07-07T22:30,2026-07-07 22:30:00,2026-07-07 22:30:00,24.0,12.0,18.0,36.0,42.0,3,473
474,1974,302,302-2026-07-07-L03,ride_hailing,6.0,nine_zone_representative|all|2026-07-07T22:30,2026-07-07 22:30:00,2026-07-07 22:30:00,24.0,18.0,24.0,42.0,48.0,4,474
475,1975,158,158-2026-07-07-L03,ride_hailing,6.0,nine_zone_representative|all|2026-07-07T22:30,2026-07-07 22:30:00,2026-07-07 22:30:00,24.0,24.0,30.0,48.0,54.0,5,475
476,1977,284,284-2026-07-07-L03,ride_hailing,6.0,nine_zone_representative|all|2026-07-07T22:30,2026-07-07 22:30:00,2026-07-07 22:30:00,24.0,30.0,36.0,54.0,60.0,6,476
477,1979,263,263-2026-07-07-L03,ride_hailing,6.0,nine_zone_representative|all|2026-07-07T22:30,2026-07-07 22:30:00,2026-07-07 22:30:00,24.0,36.0,42.0,60.0,66.0,7,477
478,1982,10,10-2026-07-07-L03,ride_hailing,6.0,nine_zone_representative|all|2026-07-07T22:30,2026-07-07 22:30:00,2026-07-07 22:30:00,24.0,42.0,48.0,66.0,72.0,8,478
479,1985,126,126-2026-07-07-L03,ride_hailing,6.0,nine_zone_representative|all|2026-07-07T22:30,2026-07-07 22:30:00,2026-07-07 22:30:00,24.0,48.0,54.0,72.0,78.0,9,479
480,1987,71,71-2026-07-07-L03,ride_hailing,6.0,nine_zone_representative|all|2026-07-07T22:30,2026-07-07 22:30:00,2026-07-07 22:30:00,24.0,54.0,60.0,78.0,84.0,10,480
481,1988,144,144-2026-07-07-L03,ride_hailing,6.0,nine_zone_representative|all|2026-07-07T22:30,2026-07-07 22:30:00,2026-07-07 22:30:00,24.0,60.0,66.0,84.0,90.0,11,481
482,1990,233,233-2026-07-07-L03,ride_hailing,6.0,nine_zone_representative|all|2026-07-07T22:30,2026-07-07 22:30:00,2026-07-07 22:30:00,24.0,66.0,72.0,90.0,96.0,12,482
483,1991,319,319-2026-07-07-L03,ride_hailing,6.0,nine_zone_representative|all|2026-07-07T22:30,2026-07-07 22:30:00,2026-07-07 22:30:00,24.0,72.0,78.0,96.0,102.0,13,483
484,1992,221,221-2026-07-07-L03,ride_hailing,6.0,nine_zone_representative|all|2026-07-07T22:30,2026-07-07 22:30:00,2026-07-07 22:30:00,24.0,78.0,84.0,102.0,108.0,14,484
485,1993,69,69-2026-07-07-L03,ride_hailing,6.0,nine_zone_representative|all|2026-07-07T22:30,2026-07-07 22:30:00,2026-07-07 22:30:00,24.0,84.0,90.0,108.0,114.0,15,485
486,1994,181,181-2026-07-07-L03,ride_hailing,6.0,nine_zone_representative|all|2026-07-07T22:30,2026-07-07 22:30:00,2026-07-07 22:30:00,24.0,90.0,96.0,114.0,120.0,16,486
487,1995,43,43-2026-07-07-L03,ride_hailing,6.0,nine_zone_representative|all|2026-07-07T22:30,2026-07-07 22:30:00,2026-07-07 22:30:00,24.0,96.0,102.0,120.0,126.0,17,487
488,1996,341,341-2026-07-07-L03,ride_hailing,6.0,nine_zone_representative|all|2026-07-07T22:30,2026-07-07 22:30:00,2026-07-07 22:30:00,24.0,102.0,108.0,126.0,132.0,18,488
